{
"type": "FeatureCollection",
"name": "Pivots_savola2",
"crs": { "type": "name", "properties": { "name": "urn:ogc:def:crs:OGC:1.3:CRS84" } },
"features": [
{ "type": "Feature", "properties": { "id": 1, "No": 1, "Name": "A1", "Area": 60, "Lat": 27.807426, "Long": 30.559266, "Crop_24": "Beet", "Water_Capacity_24": 5777.8, "Planting_date_24": "08-Oct-2023", "Havest_date_24": "13-May-2024", "Crop_25": "Beet", "Water_Capacity_25": 5518.5, "Planting_date_25": "11-Oct-2024", "Havest_date_25": "20-May-2025" }, "geometry": { "type": "MultiPolygon", "coordinates": [ [ [ [ 30.559676546554606, 27.805345314883734 ], [ 30.560191654698734, 27.805413696271412 ], [ 30.561093564946148, 27.805325899035338 ], [ 30.561648279945512, 27.805113410382933 ], [ 30.562239950170927, 27.8047385609757 ], [ 30.562615710969645, 27.804330258636753 ], [ 30.563027432435515, 27.803804036415254 ], [ 30.563211547452955, 27.803021869286628 ], [ 30.563115768501223, 27.802086569688782 ], [ 30.562813805132478, 27.80142919506595 ], [ 30.562095714763327, 27.800749653471449 ], [ 30.561503620987917, 27.800398355930117 ], [ 30.560658015657662, 27.800205588202715 ], [ 30.559741476223895, 27.800204210970161 ], [ 30.559035865090848, 27.800458482823871 ], [ 30.558175686931651, 27.800917485572356 ], [ 30.557767269092221, 27.801295559742936 ], [ 30.557469823764762, 27.801927521551178 ], [ 30.557251027418364, 27.8027683422712 ], [ 30.557494696654299, 27.80379517510665 ], [ 30.557947557215698, 27.804410771925639 ], [ 30.558666636205626, 27.805045894778072 ], [ 30.559676546554606, 27.805345314883734 ] ] ] ] } },
{ "type": "Feature", "properties": { "id": 2, "No": 2, "Name": "A3", "Area": 100, "Lat": 27.80197222, "Long": 30.54322222, "Crop_24": "Wheat", "Water_Capacity_24": 3678.7, "Planting_date_24": "14-Nov-2023", "Havest_date_24": "27-Apr-2024", "Crop_25": "Beet", "Water_Capacity_25": 5333.9, "Planting_date_25": "12-Oct-2024", "Havest_date_25": "23-May-2025" }, "geometry": { "type": "MultiPolygon", "coordinates": [ [ [ [ 30.542942922818405, 27.805404153982739 ], [ 30.543610279583415, 27.805371573202297 ], [ 30.544096054588753, 27.805261663578577 ], [ 30.544817718830412, 27.805037395094381 ], [ 30.545593020848777, 27.804651066484883 ], [ 30.546237378292879, 27.804158672289635 ], [ 30.546651504569965, 27.803528811772498 ], [ 30.54705063158212, 27.802824587793008 ], [ 30.547188542966779, 27.801878616272763 ], [ 30.547074912917871, 27.8010022710172 ], [ 30.54675972196231, 27.800196439795659 ], [ 30.54604773888763, 27.799250184358272 ], [ 30.544962300291878, 27.798608486577006 ], [ 30.544036455555407, 27.798280820308928 ], [ 30.542636864552723, 27.798270736831622 ], [ 30.541463813142133, 27.798561054402697 ], [ 30.540619242418316, 27.799064679975917 ], [ 30.539803640744271, 27.799761463816772 ], [ 30.539266542213518, 27.800670672996645 ], [ 30.539123222468088, 27.801853641858173 ], [ 30.539347387386869, 27.802998703560046 ], [ 30.540072651794119, 27.804093418738557 ], [ 30.541120454910466, 27.804927133121417 ], [ 30.542942922818405, 27.805404153982739 ] ] ] ] } },
{ "type": "Feature", "properties": { "id": 3, "No": 3, "Name": "A31", "Area": 80, "Lat": 27.778585, "Long": 30.345513, "Crop_24": "Wheat", "Water_Capacity_24": 3424.9, "Planting_date_24": "24-Nov-2023", "Havest_date_24": "12-May-2024", "Crop_25": "Beet", "Water_Capacity_25": 5367.5, "Planting_date_25": "17-Oct-2024", "Havest_date_25": "16-Jun-2025" }, "geometry": { "type": "MultiPolygon", "coordinates": [ [ [ [ 30.346215924396251, 27.781266402513094 ], [ 30.34704938449125, 27.781011340881012 ], [ 30.347779209355924, 27.780541297343195 ], [ 30.348250728681041, 27.77995011601562 ], [ 30.348640370042098, 27.77914437435475 ], [ 30.348748540845119, 27.77827514142221 ], [ 30.348195322403079, 27.776851064145749 ], [ 30.347773291754887, 27.776300813329957 ], [ 30.346460089272444, 27.775694719756903 ], [ 30.345331917820584, 27.775537505801953 ], [ 30.344195284168659, 27.775728643202104 ], [ 30.343092283498216, 27.776327028036025 ], [ 30.342485964571523, 27.777089859299455 ], [ 30.342140277266868, 27.777877065251371 ], [ 30.342174484818543, 27.779155640020967 ], [ 30.342737987072866, 27.780153963401364 ], [ 30.343805271382294, 27.781026437896674 ], [ 30.345015832308309, 27.781378874727256 ], [ 30.346215924396251, 27.781266402513094 ] ] ] ] } },
{ "type": "Feature", "properties": { "id": 4, "No": 4, "Name": "A34", "Area": 80, "Lat": 27.781586, "Long": 30.3656, "Crop_24": "Wheat", "Water_Capacity_24": 3197.8, "Planting_date_24": "23-Nov-2023", "Havest_date_24": "08-May-2024", "Crop_25": "Beet", "Water_Capacity_25": 5331.1, "Planting_date_25": "17-Oct-2024", "Havest_date_25": "30-May-2025" }, "geometry": { "type": "MultiPolygon", "coordinates": [ [ [ [ 30.367335933539753, 27.783858572349395 ], [ 30.367957362729456, 27.783366989716097 ], [ 30.368338019773166, 27.782928904067106 ], [ 30.36864321066156, 27.782460335492704 ], [ 30.368844956309044, 27.781767125491289 ], [ 30.36882932836691, 27.781060092793108 ], [ 30.368685003306602, 27.780273157848715 ], [ 30.368160578331103, 27.779449936724138 ], [ 30.367499540021374, 27.778875824011429 ], [ 30.366485221158051, 27.778507961603829 ], [ 30.365159506524552, 27.778414909629841 ], [ 30.364173313991756, 27.778686532045896 ], [ 30.363710287566899, 27.778929408540218 ], [ 30.363135423765812, 27.779296004945873 ], [ 30.362729964556198, 27.779859459001241 ], [ 30.362378434102887, 27.780443304055197 ], [ 30.362305343980942, 27.781216410053563 ], [ 30.362314955599871, 27.781720019765864 ], [ 30.362440745394704, 27.782371067280366 ], [ 30.362857501995336, 27.783143846224608 ], [ 30.363637521665225, 27.783749296166729 ], [ 30.364455327773502, 27.784142475066805 ], [ 30.365311849781087, 27.78428467466539 ], [ 30.366315420189874, 27.784197322503871 ], [ 30.367335933539753, 27.783858572349395 ] ] ] ] } },
{ "type": "Feature", "properties": { "id": 5, "No": 5, "Name": "A35", "Area": 80, "Lat": 27.782467, "Long": 30.372378, "Crop_24": "Wheat", "Water_Capacity_24": 3625.7, "Planting_date_24": "22-Nov-2023", "Havest_date_24": "10-May-2024", "Crop_25": "Beet", "Water_Capacity_25": 5330.7, "Planting_date_25": "15-Oct-2024", "Havest_date_25": "11-Jun-2025" }, "geometry": { "type": "MultiPolygon", "coordinates": [ [ [ [ 30.372658173794445, 27.78524754061306 ], [ 30.373357326869261, 27.785144664213462 ], [ 30.374171333139437, 27.784792253683918 ], [ 30.374702439585516, 27.784434460574026 ], [ 30.375128922580828, 27.783900412902366 ], [ 30.375470682341742, 27.783267940381013 ], [ 30.375687916929113, 27.782381386074231 ], [ 30.375573624739594, 27.781701521208159 ], [ 30.375347741586321, 27.781135711678115 ], [ 30.374993158259194, 27.780490005254766 ], [ 30.374524662021617, 27.780055121999784 ], [ 30.373835776708709, 27.779732223001695 ], [ 30.373079288785096, 27.779504848251818 ], [ 30.372145465430389, 27.779409634132659 ], [ 30.371183365124708, 27.779584952359738 ], [ 30.370301781455122, 27.780032873370335 ], [ 30.369636861644842, 27.780523639989987 ], [ 30.369293681261031, 27.78121415774304 ], [ 30.369128775072799, 27.781733806955792 ], [ 30.368959672234308, 27.78242763932526 ], [ 30.369096616072877, 27.783069213915581 ], [ 30.369447441928241, 27.783869763256558 ], [ 30.370064065241252, 27.784481747729444 ], [ 30.370727944524603, 27.784939728553464 ], [ 30.371700678446306, 27.785229321238671 ], [ 30.372658173794445, 27.78524754061306 ] ] ] ] } },
{ "type": "Feature", "properties": { "id": 6, "No": 6, "Name": "A40", "Area": 80, "Lat": 27.787325, "Long": 30.405953, "Crop_24": "Beet", "Water_Capacity_24": 5204.9, "Planting_date_24": "02-Nov-2023", "Havest_date_24": "19-Jun-2024", "Crop_25": "Wheat", "Water_Capacity_25": 3466.7, "Planting_date_25": "10-Dec-2024", "Havest_date_25": "24-May-2025" }, "geometry": { "type": "MultiPolygon", "coordinates": [ [ [ [ 30.405411907143048, 27.790077451719284 ], [ 30.406010073087756, 27.790147962363392 ], [ 30.406679079854495, 27.790041982451431 ], [ 30.407586526599733, 27.789718202664812 ], [ 30.408160873624805, 27.789388165040325 ], [ 30.408620391578602, 27.788981878963394 ], [ 30.408950182860735, 27.788424974967111 ], [ 30.409198805986119, 27.787777637881884 ], [ 30.40923162121193, 27.78709661524778 ], [ 30.409099297991752, 27.786353221576071 ], [ 30.408767477479575, 27.785591266551148 ], [ 30.408166385133782, 27.784942803482195 ], [ 30.407245710916317, 27.784421702741323 ], [ 30.406417232766849, 27.784228328282616 ], [ 30.405617844613587, 27.784213313902967 ], [ 30.404812827142401, 27.784435280301611 ], [ 30.403837043061763, 27.784831850109043 ], [ 30.403275842764074, 27.785310299480624 ], [ 30.402859594379755, 27.785998926899591 ], [ 30.40258477566811, 27.787045849196947 ], [ 30.40261501456612, 27.787876235975482 ], [ 30.40281884308612, 27.788413524021163 ], [ 30.403416397682907, 27.789210124840164 ], [ 30.404089029077713, 27.789652498365847 ], [ 30.404880713281205, 27.789993378959096 ], [ 30.405411907143048, 27.790077451719284 ] ] ] ] } },
{ "type": "Feature", "properties": { "id": 7, "No": 7, "Name": "A41", "Area": 80, "Lat": 27.788299, "Long": 30.412682, "Crop_24": "Wheat", "Water_Capacity_24": 3197.8, "Planting_date_24": "20-Nov-2023", "Havest_date_24": "06-May-2024", "Crop_25": null, "Water_Capacity_25": null, "Planting_date_25": null, "Havest_date_25": null }, "geometry": { "type": "MultiPolygon", "coordinates": [ [ [ [ 30.411903948909242, 27.791043919771283 ], [ 30.412351880262303, 27.791126405679147 ], [ 30.412834876991607, 27.791135455948524 ], [ 30.413554903628196, 27.790985943782118 ], [ 30.414293687729451, 27.790747869485315 ], [ 30.41491938985536, 27.790359491585669 ], [ 30.415451116832365, 27.789717441325095 ], [ 30.415781578107097, 27.789130895433939 ], [ 30.415949343186465, 27.788378303291729 ], [ 30.415850281984174, 27.787635536288441 ], [ 30.415663744147615, 27.787068951444393 ], [ 30.415346776693557, 27.786381379258522 ], [ 30.414939531186381, 27.785988481941214 ], [ 30.414084026698841, 27.785527917830123 ], [ 30.413041124928554, 27.785241657606157 ], [ 30.412191762701251, 27.785225744851665 ], [ 30.411707739480818, 27.78526112909681 ], [ 30.410966531703206, 27.785602873446553 ], [ 30.410444984835365, 27.785815368499378 ], [ 30.409812973940173, 27.786470336571202 ], [ 30.40946337771339, 27.78716023578103 ], [ 30.409262964760927, 27.787882569100891 ], [ 30.409265214975452, 27.788490158428296 ], [ 30.409417357288984, 27.789100559751951 ], [ 30.409867179926628, 27.789805454165364 ], [ 30.41047006330172, 27.790379853712 ], [ 30.411109774174591, 27.790806759055918 ], [ 30.411903948909242, 27.791043919771283 ] ] ] ] } },
{ "type": "Feature", "properties": { "id": 8, "No": 8, "Name": "A42", "Area": 80, "Lat": 27.789254, "Long": 30.419388, "Crop_24": "Wheat", "Water_Capacity_24": 3475.6, "Planting_date_24": "19-Nov-2023", "Havest_date_24": "05-May-2024", "Crop_25": "Beet", "Water_Capacity_25": 5333.3, "Planting_date_25": "08-Oct-2024", "Havest_date_25": "10-Jun-2025" }, "geometry": { "type": "MultiPolygon", "coordinates": [ [ [ [ 30.418505440735895, 27.791967678757821 ], [ 30.418919021853423, 27.792093956376608 ], [ 30.419637299422963, 27.792018471061333 ], [ 30.420505823752375, 27.791930970461191 ], [ 30.421179380454404, 27.791632367143507 ], [ 30.421637465026095, 27.791285282264063 ], [ 30.42220246988115, 27.790643825658169 ], [ 30.422554448215852, 27.789850207311506 ], [ 30.422670456552634, 27.789170730338547 ], [ 30.422616769497818, 27.788621450866021 ], [ 30.422400730027277, 27.787891321391477 ], [ 30.422029558114854, 27.787380570430823 ], [ 30.421492543572569, 27.786837085597963 ], [ 30.420786192118676, 27.786408982851249 ], [ 30.420041290117954, 27.786202431018648 ], [ 30.419274137871952, 27.786232552178479 ], [ 30.418472626626439, 27.786306481638817 ], [ 30.417716876043642, 27.786559081420215 ], [ 30.417039491024475, 27.787020598480925 ], [ 30.416543899178887, 27.787544786003412 ], [ 30.416175933407388, 27.788308451763314 ], [ 30.416065493102234, 27.788750933331155 ], [ 30.415980301428149, 27.789534707298973 ], [ 30.416231711816138, 27.790176597004898 ], [ 30.416663177325994, 27.790955219355638 ], [ 30.417220342859078, 27.791350916790197 ], [ 30.417745602974556, 27.791686742411475 ], [ 30.418505440735895, 27.791967678757821 ] ] ] ] } },
{ "type": "Feature", "properties": { "id": 9, "No": 9, "Name": "A45", "Area": 80, "Lat": 27.792146, "Long": 30.439526, "Crop_24": "Wheat", "Water_Capacity_24": 3475.6, "Planting_date_24": "18-Nov-2023", "Havest_date_24": "12-May-2024", "Crop_25": "Beet", "Water_Capacity_25": 5333.3, "Planting_date_25": "07-Oct-2024", "Havest_date_25": "08-Jun-2025" }, "geometry": { "type": "MultiPolygon", "coordinates": [ [ [ [ 30.438631713374882, 27.794906061714517 ], [ 30.439279386204557, 27.794999576158741 ], [ 30.439903465460169, 27.795033376500406 ], [ 30.440798381193165, 27.794886963999311 ], [ 30.441733894396656, 27.794430110815398 ], [ 30.442202514980178, 27.793986830460241 ], [ 30.442680147398992, 27.792802793476554 ], [ 30.442766193748923, 27.791974554606846 ], [ 30.442682908964432, 27.791261727212589 ], [ 30.442076019955522, 27.790139103915692 ], [ 30.441223825746295, 27.78953057842676 ], [ 30.44044866862609, 27.789190207656144 ], [ 30.439534720338383, 27.789084354175518 ], [ 30.438833816992101, 27.789130630283804 ], [ 30.437927492892161, 27.789410186305812 ], [ 30.437352877692259, 27.789755165859312 ], [ 30.436740081689354, 27.790306891721677 ], [ 30.436427770782323, 27.790834556495614 ], [ 30.436117854899013, 27.791969819008866 ], [ 30.43626458943082, 27.792817191873656 ], [ 30.436712172452147, 27.7936256946941 ], [ 30.437181632100799, 27.794212326409696 ], [ 30.43801961273088, 27.794716884715214 ], [ 30.438631713374882, 27.794906061714517 ] ] ] ] } },
{ "type": "Feature", "properties": { "id": 10, "No": 10, "Name": "A46", "Area": 80, "Lat": 27.79312, "Long": 30.446213, "Crop_24": "Wheat", "Water_Capacity_24": 3473.5, "Planting_date_24": "17-Nov-2023", "Havest_date_24": "30-Apr-2024", "Crop_25": "Beet", "Water_Capacity_25": 5332.1, "Planting_date_25": "06-Oct-2024", "Havest_date_25": "27-May-2025" }, "geometry": { "type": "MultiPolygon", "coordinates": [ [ [ [ 30.445516233453127, 27.795863435112928 ], [ 30.445948255665716, 27.795915882670148 ], [ 30.446447942567506, 27.795925124960768 ], [ 30.447051722968464, 27.795758468663699 ], [ 30.447706162772629, 27.7955631091531 ], [ 30.448314785595482, 27.795189078083176 ], [ 30.448877242659982, 27.794651187945281 ], [ 30.449259592121859, 27.79397660188285 ], [ 30.4494628733963, 27.793120885217306 ], [ 30.449396545961523, 27.792393554558874 ], [ 30.449193168405273, 27.791826695527977 ], [ 30.448777076697027, 27.791092903185813 ], [ 30.447991802429463, 27.790470835328311 ], [ 30.447083371675319, 27.790128037545379 ], [ 30.446168712755245, 27.790051851188544 ], [ 30.445266553245386, 27.790153711546452 ], [ 30.444510478252411, 27.790421272383927 ], [ 30.443731503973865, 27.790955137000719 ], [ 30.443288059861182, 27.791391480574436 ], [ 30.443056972903431, 27.79200957620893 ], [ 30.442941779205963, 27.792659454357459 ], [ 30.442928252741552, 27.793237122898958 ], [ 30.443030276448468, 27.793861386531596 ], [ 30.443413718626328, 27.794564953239856 ], [ 30.443849560948898, 27.795165760079701 ], [ 30.444653923811494, 27.795684475882371 ], [ 30.445516233453127, 27.795863435112928 ] ] ] ] } },
{ "type": "Feature", "properties": { "id": 12, "No": 12, "Name": "A56", "Area": 80, "Lat": 27.795531, "Long": 30.507578, "Crop_24": "Wheat", "Water_Capacity_24": 3475.6, "Planting_date_24": "15-Nov-2023", "Havest_date_24": "24-Apr-2024", "Crop_25": "Beet", "Water_Capacity_25": 5330.6, "Planting_date_25": "03-Oct-2024", "Havest_date_25": "19-May-2025" }, "geometry": { "type": "MultiPolygon", "coordinates": [ [ [ [ 30.508939389366137, 27.798363368969664 ], [ 30.509833381111186, 27.797890473243267 ], [ 30.510379926698828, 27.797307574771221 ], [ 30.510779253229504, 27.796603468845163 ], [ 30.510946726102819, 27.795835906633087 ], [ 30.510885726241689, 27.794856761390761 ], [ 30.510566771221672, 27.79422861871484 ], [ 30.510033984526181, 27.79347806876585 ], [ 30.509246626790059, 27.792930389563534 ], [ 30.508452180253734, 27.79269377440032 ], [ 30.507254262563457, 27.792612879382744 ], [ 30.506014239303184, 27.792916503575782 ], [ 30.505318801295463, 27.793452238576659 ], [ 30.504855196362684, 27.794051434464755 ], [ 30.504473177547368, 27.794726197205783 ], [ 30.504234971748897, 27.795670297054205 ], [ 30.504385629507784, 27.796369505151912 ], [ 30.504752154866743, 27.797102252113458 ], [ 30.505205017375353, 27.797703188837215 ], [ 30.506058338108499, 27.798281720683658 ], [ 30.507201270797392, 27.798583918864001 ], [ 30.508134762920879, 27.79857113212918 ], [ 30.508939389366137, 27.798363368969664 ] ] ] ] } },
{ "type": "Feature", "properties": { "id": 13, "No": 13, "Name": "A57", "Area": 80, "Lat": 27.794564, "Long": 30.500848, "Crop_24": "Wheat", "Water_Capacity_24": 3475.6, "Planting_date_24": "16-Nov-2023", "Havest_date_24": "28-Apr-2024", "Crop_25": "Beet", "Water_Capacity_25": 5336.1, "Planting_date_25": "05-Oct-2024", "Havest_date_25": "21-May-2025" }, "geometry": { "type": "MultiPolygon", "coordinates": [ [ [ [ 30.502852223555269, 27.797112359861991 ], [ 30.503438918498837, 27.796596901273503 ], [ 30.503807204493469, 27.796158995115071 ], [ 30.504095080680127, 27.795593674283474 ], [ 30.504238492834002, 27.795151701640627 ], [ 30.504257485557549, 27.794685251748593 ], [ 30.50426628763886, 27.794300121210377 ], [ 30.504049513768983, 27.793577489660773 ], [ 30.503875432613381, 27.793174234477991 ], [ 30.503445716774319, 27.79265521634526 ], [ 30.502980829410209, 27.792217064593103 ], [ 30.502328322259924, 27.791968162727688 ], [ 30.501750263401817, 27.791742833036622 ], [ 30.501001916076852, 27.791677426428027 ], [ 30.500360310106082, 27.791680632671902 ], [ 30.499461738038502, 27.791990377927611 ], [ 30.49874434562696, 27.792392311794686 ], [ 30.498155618322876, 27.792996626613625 ], [ 30.497829133605677, 27.793427865334181 ], [ 30.497676012888391, 27.793928929498982 ], [ 30.497625897567325, 27.794661551391922 ], [ 30.497632031462324, 27.795121045004727 ], [ 30.497738445742339, 27.795567537148948 ], [ 30.497911827814971, 27.796000423991529 ], [ 30.498135521471269, 27.79641940351139 ], [ 30.498428220471876, 27.796735901436172 ], [ 30.498838199335324, 27.79702488578554 ], [ 30.49971084883758, 27.797485254918104 ], [ 30.50020751148007, 27.797627617176264 ], [ 30.5005729523753, 27.79767868948964 ], [ 30.501106660889825, 27.79765871235416 ], [ 30.501675378476115, 27.797565272570552 ], [ 30.502296438792001, 27.797369045582126 ], [ 30.502852223555269, 27.797112359861991 ] ] ] ] } },
{ "type": "Feature", "properties": { "id": 14, "No": 14, "Name": "A58", "Area": 80, "Lat": 27.793587, "Long": 30.494213, "Crop_24": "Beet", "Water_Capacity_24": 5555.6, "Planting_date_24": "01-Nov-2023", "Havest_date_24": "05-Jun-2024", "Crop_25": "Wheat", "Water_Capacity_25": 3466.7, "Planting_date_25": "08-Dec-2024", "Havest_date_25": "15-May-2025" }, "geometry": { "type": "MultiPolygon", "coordinates": [ [ [ [ 30.495787060361717, 27.796369420673265 ], [ 30.496359509890482, 27.796113063845034 ], [ 30.496853086844794, 27.795662630492739 ], [ 30.497130121580028, 27.795208270173511 ], [ 30.497409530212984, 27.794650220675578 ], [ 30.497539026273952, 27.794089453647928 ], [ 30.497653900784972, 27.793439508680308 ], [ 30.497562108084093, 27.793082194201993 ], [ 30.497359152282439, 27.792485764372149 ], [ 30.496985561844198, 27.792064066945549 ], [ 30.496695255384758, 27.79164387842793 ], [ 30.496138792124661, 27.791204044909939 ], [ 30.495512312318358, 27.790911127331551 ], [ 30.494833489545428, 27.790720988947403 ], [ 30.49415195054042, 27.790649348227813 ], [ 30.493465993356242, 27.790770267983984 ], [ 30.492829663078073, 27.790906904041389 ], [ 30.492204885599701, 27.791266028290217 ], [ 30.491863599099609, 27.791615480115091 ], [ 30.491524351779564, 27.791876055492267 ], [ 30.491316991684023, 27.792198301061134 ], [ 30.491109970606637, 27.792505733656352 ], [ 30.490965149478015, 27.79300693981175 ], [ 30.490867913750069, 27.793612741645543 ], [ 30.490887953197362, 27.794191036919724 ], [ 30.491059263637947, 27.794712805902009 ], [ 30.491349894896501, 27.795118192657466 ], [ 30.491540587709789, 27.795521763320956 ], [ 30.49229319138815, 27.796128184053977 ], [ 30.492852042152894, 27.796464345374666 ], [ 30.493797406842376, 27.79665933326168 ], [ 30.494463005512568, 27.796701050662143 ], [ 30.495200329920223, 27.796521784525492 ], [ 30.495787060361717, 27.796369420673265 ] ] ] ] } },
{ "type": "Feature", "properties": { "id": 15, "No": 15, "Name": "A60", "Area": 80, "Lat": 27.79167, "Long": 30.48073, "Crop_24": "Beet", "Water_Capacity_24": 5555.6, "Planting_date_24": "31-Oct-2023", "Havest_date_24": "04-Jun-2024", "Crop_25": "Wheat", "Water_Capacity_25": 3466.7, "Planting_date_25": "09-Dec-2024", "Havest_date_25": "26-May-2025" }, "geometry": { "type": "MultiPolygon", "coordinates": [ [ [ [ 30.480327665998793, 27.794724853867134 ], [ 30.480993584074568, 27.794751822703642 ], [ 30.481412046556937, 27.794670544105429 ], [ 30.48204875064933, 27.794519150699205 ], [ 30.482588246234165, 27.794247432490312 ], [ 30.483027459377425, 27.793988702793328 ], [ 30.483471108026112, 27.793537409330426 ], [ 30.483782526584729, 27.79303924865053 ], [ 30.484027658608724, 27.792525060649027 ], [ 30.484124247973657, 27.791948890962207 ], [ 30.484103220191322, 27.79141503439147 ], [ 30.483936042528185, 27.790715509194211 ], [ 30.48351766428943, 27.790070681275751 ], [ 30.483112533137128, 27.789574280755442 ], [ 30.482488492126823, 27.789177619543068 ], [ 30.481680219589503, 27.788822052315567 ], [ 30.480997681539769, 27.788794785336762 ], [ 30.480547638923998, 27.788801394201595 ], [ 30.479912676160023, 27.788878720614186 ], [ 30.479391225411604, 27.789091484102734 ], [ 30.479004727372562, 27.789232615801389 ], [ 30.478581155657924, 27.789536074889625 ], [ 30.478255463928303, 27.789930232011173 ], [ 30.478016127079307, 27.790192597325337 ], [ 30.477757396641017, 27.790573157284374 ], [ 30.477547605626661, 27.79099906662027 ], [ 30.477467297017355, 27.791590346219195 ], [ 30.47750323759097, 27.792198567984368 ], [ 30.477641168006627, 27.792719740799313 ], [ 30.477880747426688, 27.793168676866319 ], [ 30.47815432541946, 27.793588596190681 ], [ 30.478513239357518, 27.793921161393897 ], [ 30.478857208986515, 27.794179359548249 ], [ 30.479334773639621, 27.794425177111656 ], [ 30.479863677365806, 27.794612655439934 ], [ 30.480327665998793, 27.794724853867134 ] ] ] ] } },
{ "type": "Feature", "properties": { "id": 17, "No": 17, "Name": "A69", "Area": 80, "Lat": 27.783022, "Long": 30.42036, "Crop_24": "Beet", "Water_Capacity_24": 5304.8, "Planting_date_24": "21-Oct-2023", "Havest_date_24": "19-Jun-2024", "Crop_25": "Beet", "Water_Capacity_25": 5333.3, "Planting_date_25": "09-Oct-2024", "Havest_date_25": "07-Jun-2025" }, "geometry": { "type": "MultiPolygon", "coordinates": [ [ [ [ 30.420120782662341, 27.78601127816615 ], [ 30.420786958020493, 27.786023721299923 ], [ 30.421658580429622, 27.785802904080928 ], [ 30.422450073516966, 27.785447220845846 ], [ 30.423249946915121, 27.784736049458964 ], [ 30.423651857472464, 27.783943358056423 ], [ 30.423721729839396, 27.783100016870375 ], [ 30.42360770959808, 27.782282881972936 ], [ 30.423162712048264, 27.781370662450726 ], [ 30.422495983768687, 27.780676579024782 ], [ 30.421340370304662, 27.780225277804508 ], [ 30.419992485867816, 27.78015565202945 ], [ 30.419053943148242, 27.780390028725432 ], [ 30.418632706340251, 27.780589612972598 ], [ 30.418038631989543, 27.78105269426942 ], [ 30.417695757893139, 27.781461196358801 ], [ 30.417262609621297, 27.782164375093451 ], [ 30.417124322393182, 27.783080522675942 ], [ 30.417241445585226, 27.783764354018409 ], [ 30.417457794196679, 27.784479677345786 ], [ 30.418026334648978, 27.785097857337096 ], [ 30.418401330586043, 27.785445688246067 ], [ 30.418796483209764, 27.785645712076821 ], [ 30.419225295971241, 27.785831545568932 ], [ 30.41967251406658, 27.785943630206681 ], [ 30.420120782662341, 27.78601127816615 ] ] ] ] } },
{ "type": "Feature", "properties": { "id": 18, "No": 18, "Name": "A70", "Area": 60, "Lat": 27.782081, "Long": 30.413616, "Crop_24": "Wheat", "Water_Capacity_24": 3475.2, "Planting_date_24": "21-Nov-2023", "Havest_date_24": "07-May-2024", "Crop_25": "Beet", "Water_Capacity_25": 7124.7, "Planting_date_25": "13-Oct-2024", "Havest_date_25": "29-May-2025" }, "geometry": { "type": "MultiPolygon", "coordinates": [ [ [ [ 30.412896499252415, 27.785016674646769 ], [ 30.413445384327446, 27.785056592230482 ], [ 30.414196223577935, 27.785011379506987 ], [ 30.414850292332389, 27.784830986898388 ], [ 30.415505410445927, 27.784606155902754 ], [ 30.415995036388821, 27.784333770563016 ], [ 30.416370183555028, 27.783970332165019 ], [ 30.416699919541649, 27.783413405581555 ], [ 30.416827704385863, 27.782941610682972 ], [ 30.416938834163904, 27.782469504097964 ], [ 30.416982997720968, 27.782010963259356 ], [ 30.416893231095649, 27.781579554196245 ], [ 30.416754554876373, 27.781102775482335 ], [ 30.416500005590155, 27.780594192769414 ], [ 30.416127133165492, 27.780157487637531 ], [ 30.415802822492743, 27.779780963309868 ], [ 30.415260969840947, 27.779444822414973 ], [ 30.414515426282474, 27.779267867911212 ], [ 30.413883303062061, 27.779226397520862 ], [ 30.413399657284909, 27.779246977866443 ], [ 30.412780330404942, 27.779368742942196 ], [ 30.412091933551729, 27.779592938864933 ], [ 30.411518703787983, 27.779878562544805 ], [ 30.411143907778538, 27.780227176134403 ], [ 30.410935292667681, 27.780593721989462 ], [ 30.410588884683257, 27.781150321370909 ], [ 30.410427417890769, 27.781636296098114 ], [ 30.410412672681378, 27.782258385738878 ], [ 30.410481898034813, 27.782852413267197 ], [ 30.410766219884884, 27.783509746420929 ], [ 30.411252849599773, 27.784067143688091 ], [ 30.411758945717917, 27.784506358302888 ], [ 30.412896499252415, 27.785016674646769 ] ] ] ] } },
{ "type": "Feature", "properties": { "id": 19, "No": 19, "Name": "A74", "Area": 80, "Lat": 27.778176, "Long": 30.38682, "Crop_24": "Beet", "Water_Capacity_24": 5257.3, "Planting_date_24": "27-Oct-2023", "Havest_date_24": "18-Jun-2024", "Crop_25": "Beet", "Water_Capacity_25": 5315.6, "Planting_date_25": "14-Oct-2024", "Havest_date_25": "03-Jun-2025" }, "geometry": { "type": "MultiPolygon", "coordinates": [ [ [ [ 30.385726019101813, 27.781007956193559 ], [ 30.386205771792138, 27.781150398850766 ], [ 30.386854183601884, 27.781207122520183 ], [ 30.387739991159787, 27.781090516284124 ], [ 30.388596031094146, 27.780825160472737 ], [ 30.389359580468394, 27.780246870798845 ], [ 30.389894579345523, 27.779471622283772 ], [ 30.390148240417187, 27.778616965125618 ], [ 30.390137929676794, 27.777653593053035 ], [ 30.389660639131201, 27.776711033121895 ], [ 30.388979634590786, 27.775927620561852 ], [ 30.387858953238474, 27.775417435421605 ], [ 30.386596209966452, 27.775275006387826 ], [ 30.385591048673657, 27.775507893414222 ], [ 30.384680480671257, 27.775964835059256 ], [ 30.384031025867785, 27.776648986655683 ], [ 30.383627450380736, 27.777500791054869 ], [ 30.383556922642089, 27.778358903052577 ], [ 30.383799251142573, 27.779371121767529 ], [ 30.384280399485597, 27.780150774093563 ], [ 30.384950411049541, 27.780696911846871 ], [ 30.385726019101813, 27.781007956193559 ] ] ] ] } },
{ "type": "Feature", "properties": { "id": 20, "No": 20, "Name": "A76", "Area": 80, "Lat": 27.776201, "Long": 30.37339, "Crop_24": "Beet", "Water_Capacity_24": 5536.6, "Planting_date_24": "16-Oct-2023", "Havest_date_24": "02-Jun-2024", "Crop_25": "Beet", "Water_Capacity_25": 5449.4, "Planting_date_25": "14-Oct-2024", "Havest_date_25": "04-Jun-2025" }, "geometry": { "type": "MultiPolygon", "coordinates": [ [ [ [ 30.373619157796195, 27.779234356576612 ], [ 30.374230300857473, 27.779168525490256 ], [ 30.37491021101626, 27.778958778674145 ], [ 30.375539902508287, 27.778573810173402 ], [ 30.376230030964489, 27.777938271834913 ], [ 30.37660835202508, 27.777141906520686 ], [ 30.376763534539712, 27.776118631541408 ], [ 30.376547411080594, 27.775146392872109 ], [ 30.376169451237281, 27.774568015075189 ], [ 30.375627140232083, 27.774034920842297 ], [ 30.375015606307944, 27.773665092058387 ], [ 30.374345262154165, 27.77347808830493 ], [ 30.373400841152151, 27.773373002377994 ], [ 30.372790893767718, 27.773390447520487 ], [ 30.372023049525826, 27.773637237997189 ], [ 30.371261659131957, 27.774068091909012 ], [ 30.370726172451942, 27.774609735776068 ], [ 30.370384184837029, 27.775251874111156 ], [ 30.370161403676171, 27.775915643545638 ], [ 30.370131660292117, 27.776699263575583 ], [ 30.370470200507512, 27.777557664215248 ], [ 30.370827076479802, 27.77810661119798 ], [ 30.371573772445203, 27.778740426585948 ], [ 30.372165887614365, 27.77901308863391 ], [ 30.372879315071284, 27.779220286486581 ], [ 30.373619157796195, 27.779234356576612 ] ] ] ] } },
{ "type": "Feature", "properties": { "id": 21, "No": 21, "Name": "A77", "Area": 80, "Lat": 27.775249, "Long": 30.366568, "Crop_24": "Beet", "Water_Capacity_24": 5641.8, "Planting_date_24": "15-Oct-2023", "Havest_date_24": "02-Jun-2024", "Crop_25": "Beet", "Water_Capacity_25": 5345.4, "Planting_date_25": "16-Oct-2024", "Havest_date_25": "13-Jun-2025" }, "geometry": { "type": "MultiPolygon", "coordinates": [ [ [ [ 30.368936841875342, 27.777499421132333 ], [ 30.369541590987719, 27.776794522309576 ], [ 30.369781479171088, 27.776324706182795 ], [ 30.369892672262417, 27.775774988658654 ], [ 30.369995546144519, 27.775118618117975 ], [ 30.36979542170447, 27.774388709275726 ], [ 30.36946358150432, 27.773704698630063 ], [ 30.368836603954165, 27.773073154079661 ], [ 30.367718665897304, 27.772490340601671 ], [ 30.366752505076239, 27.772384795588511 ], [ 30.366011313508434, 27.77242875304179 ], [ 30.365201813198432, 27.772597260477561 ], [ 30.364471411330914, 27.773096436019586 ], [ 30.363926419495765, 27.773579783001967 ], [ 30.363526031165058, 27.774385369934876 ], [ 30.363332814927681, 27.77517554737025 ], [ 30.363412520036448, 27.775932208851263 ], [ 30.363709352943001, 27.776712377047915 ], [ 30.364236999393064, 27.777400136526985 ], [ 30.365052195538073, 27.777899754269175 ], [ 30.365687807078345, 27.778173272905452 ], [ 30.366459345147497, 27.77822671071635 ], [ 30.367309608303131, 27.778175150514816 ], [ 30.367923310839107, 27.778002901770268 ], [ 30.368936841875342, 27.777499421132333 ] ] ] ] } },
{ "type": "Feature", "properties": { "id": 22, "No": 22, "Name": "A79", "Area": 80, "Lat": 27.773304, "Long": 30.353153, "Crop_24": "Beet", "Water_Capacity_24": 5553.6, "Planting_date_24": "30-Oct-2023", "Havest_date_24": "06-Jun-2024", "Crop_25": "Wheat", "Water_Capacity_25": 3423.1, "Planting_date_25": "06-Dec-2024", "Havest_date_25": "24-May-2025" }, "geometry": { "type": "MultiPolygon", "coordinates": [ [ [ [ 30.35540912791032, 27.775614631002412 ], [ 30.355764765519474, 27.775311639369576 ], [ 30.356235750718145, 27.774739779338919 ], [ 30.356605895008386, 27.773836825083421 ], [ 30.356544138619437, 27.772790067708225 ], [ 30.356260586353621, 27.771913328420631 ], [ 30.355517307557413, 27.771143964182706 ], [ 30.354766545089859, 27.770684253120738 ], [ 30.353813876552049, 27.770472383416909 ], [ 30.352924142574867, 27.77035852563391 ], [ 30.351984330985569, 27.770514777009186 ], [ 30.350946696941666, 27.771114482812806 ], [ 30.350138068946055, 27.772144547186343 ], [ 30.349897960995712, 27.773069338996429 ], [ 30.349923644864237, 27.773805604891258 ], [ 30.35022937671955, 27.774663417737148 ], [ 30.351310929675545, 27.775845907999486 ], [ 30.352411731251784, 27.776234898592548 ], [ 30.353760797504936, 27.776260750081743 ], [ 30.354724290903128, 27.776027492609419 ], [ 30.35540912791032, 27.775614631002412 ] ] ] ] } },
{ "type": "Feature", "properties": { "id": 23, "No": 23, "Name": "A80", "Area": 80, "Lat": 27.772335, "Long": 30.346453, "Crop_24": "Beet", "Water_Capacity_24": 5319.7, "Planting_date_24": "10-Oct-2023", "Havest_date_24": "23-May-2024", "Crop_25": "Beet", "Water_Capacity_25": 5331.3, "Planting_date_25": "20-Oct-2024", "Havest_date_25": "31-May-2025" }, "geometry": { "type": "MultiPolygon", "coordinates": [ [ [ [ 30.347253745924736, 27.775283990532568 ], [ 30.347977423900222, 27.775065537232265 ], [ 30.348529846464551, 27.774727618236529 ], [ 30.349175403219089, 27.774139772353493 ], [ 30.349649231419264, 27.773451816100703 ], [ 30.349864768518309, 27.772642728263133 ], [ 30.349754867529928, 27.771788671917957 ], [ 30.349450553538922, 27.770872798173702 ], [ 30.348597604298284, 27.770140019986648 ], [ 30.347716804006065, 27.76965841407478 ], [ 30.34669794961993, 27.76948395047236 ], [ 30.345937371127189, 27.769430616068757 ], [ 30.34472988796535, 27.769852749099758 ], [ 30.343795370733631, 27.770686730159493 ], [ 30.343241192960537, 27.771992716693525 ], [ 30.343303762420263, 27.773000764550957 ], [ 30.343736227058439, 27.774015925632312 ], [ 30.344906615391377, 27.775122721050568 ], [ 30.34611852694081, 27.775417084034999 ], [ 30.347253745924736, 27.775283990532568 ] ] ] ] } },
{ "type": "Feature", "properties": { "id": 24, "No": 24, "Name": "A81", "Area": 100, "Lat": 27.766165, "Long": 30.348171, "Crop_24": "Beet", "Water_Capacity_24": 5555.6, "Planting_date_24": "04-Oct-2023", "Havest_date_24": "13-May-2024", "Crop_25": "Beet", "Water_Capacity_25": 5333.3, "Planting_date_25": "24-Oct-2024", "Havest_date_25": "21-Jun-2025" }, "geometry": { "type": "MultiPolygon", "coordinates": [ [ [ [ 30.349207594717029, 27.769222327946014 ], [ 30.349734002022785, 27.769058165198402 ], [ 30.350591932155456, 27.768687371294515 ], [ 30.351328221502293, 27.767946352696505 ], [ 30.351767868642156, 27.766870481700995 ], [ 30.351813535670821, 27.765883870329027 ], [ 30.351659638901587, 27.765048333652103 ], [ 30.351224313368782, 27.764149314547829 ], [ 30.350439952421642, 27.763282326722496 ], [ 30.349015285868681, 27.762790301111686 ], [ 30.348102456938456, 27.762734059770299 ], [ 30.347427071050351, 27.762759820716603 ], [ 30.346463216378762, 27.763012388113932 ], [ 30.345823824830074, 27.763348631350382 ], [ 30.345360831008705, 27.763591448444323 ], [ 30.344844452124278, 27.764239848979646 ], [ 30.344437320632515, 27.764870984580021 ], [ 30.344334309841464, 27.76552732696349 ], [ 30.344381245661804, 27.766283363456331 ], [ 30.344641522275246, 27.767217762139829 ], [ 30.345229573457271, 27.768100372017081 ], [ 30.346038498583965, 27.768851686009228 ], [ 30.346922102781189, 27.769217181235025 ], [ 30.348245093252689, 27.769416843588949 ], [ 30.349207594717029, 27.769222327946014 ] ] ] ] } },
{ "type": "Feature", "properties": { "id": 25, "No": 25, "Name": "A82", "Area": 100, "Lat": 27.76724, "Long": 30.355637, "Crop_24": "Wheat", "Water_Capacity_24": 3466.7, "Planting_date_24": "28-Nov-2023", "Havest_date_24": "19-May-2024", "Crop_25": "Beet", "Water_Capacity_25": 5555.6, "Planting_date_25": "26-Oct-2024", "Havest_date_25": "25-Jun-2025" }, "geometry": { "type": "MultiPolygon", "coordinates": [ [ [ [ 30.356603584478599, 27.770332165778818 ], [ 30.357350376074052, 27.770056015221385 ], [ 30.358012471385408, 27.769681428066352 ], [ 30.358544482908457, 27.769284987838329 ], [ 30.358909442578852, 27.768594913795024 ], [ 30.359191574881219, 27.767728992406003 ], [ 30.359273678196356, 27.767033509991773 ], [ 30.359181254407652, 27.766354054205792 ], [ 30.359046252181606, 27.765635059404591 ], [ 30.358260880327794, 27.764806818360924 ], [ 30.357403233172899, 27.76426762915407 ], [ 30.35638768231674, 27.763957764309399 ], [ 30.355629005031364, 27.763827071342092 ], [ 30.355062862609799, 27.763835597641663 ], [ 30.354163344694413, 27.764128175854523 ], [ 30.353658255292881, 27.764312127948823 ], [ 30.35303922613614, 27.764706882842216 ], [ 30.352303908788176, 27.765409206179932 ], [ 30.351947083431448, 27.76666092940253 ], [ 30.351843645816963, 27.767336633751505 ], [ 30.352000358614738, 27.768056049318993 ], [ 30.352329259037049, 27.768856214697685 ], [ 30.353093788867454, 27.76964536407516 ], [ 30.353929694368318, 27.770184164394884 ], [ 30.35459997517118, 27.770371263576582 ], [ 30.355555454269656, 27.770467006628973 ], [ 30.356603584478599, 27.770332165778818 ] ] ] ] } },
{ "type": "Feature", "properties": { "id": 26, "No": 26, "Name": "A83", "Area": 100, "Lat": 27.768354, "Long": 30.363173, "Crop_24": "Beet", "Water_Capacity_24": 5555.6, "Planting_date_24": "17-Oct-2023", "Havest_date_24": "25-May-2024", "Crop_25": "Wheat", "Water_Capacity_25": 3555.6, "Planting_date_25": "22-Nov-2024", "Havest_date_25": "04-May-2025" }, "geometry": { "type": "MultiPolygon", "coordinates": [ [ [ [ 30.364745609215177, 27.77120413357726 ], [ 30.365541038053163, 27.770715877137089 ], [ 30.36607442925915, 27.770261345270782 ], [ 30.366435150231574, 27.769745431805227 ], [ 30.366710234470077, 27.769169797108166 ], [ 30.366838605030672, 27.768359014138255 ], [ 30.36683456256657, 27.767623157758614 ], [ 30.366612944621554, 27.766883154463422 ], [ 30.366131173582264, 27.766099466535366 ], [ 30.365385058220156, 27.765446275086138 ], [ 30.364112116427386, 27.764976656514754 ], [ 30.362982615887606, 27.764877653573553 ], [ 30.362132690582293, 27.764919517379631 ], [ 30.360967888871755, 27.76538133856458 ], [ 30.360122425689024, 27.766139689662893 ], [ 30.359625068931233, 27.766904687965425 ], [ 30.359339670089103, 27.767906086003411 ], [ 30.359366354657947, 27.76860364773491 ], [ 30.359587924956976, 27.769343659349776 ], [ 30.360071061616384, 27.770069306681165 ], [ 30.360405636242451, 27.770637213683074 ], [ 30.361609143575304, 27.771279805671188 ], [ 30.362408596296788, 27.771527422474083 ], [ 30.363604373022802, 27.771588973141686 ], [ 30.364745609215177, 27.77120413357726 ] ] ] ] } },
{ "type": "Feature", "properties": { "id": 27, "No": 27, "Name": "B7", "Area": 80, "Lat": 27.77372, "Long": 30.311838, "Crop_24": "Beet", "Water_Capacity_24": 4845.5, "Planting_date_24": "22-Oct-2023", "Havest_date_24": "20-Jun-2024", "Crop_25": "Beet", "Water_Capacity_25": 4992.7, "Planting_date_25": "19-Nov-2024", "Havest_date_25": "15-Jul-2025" }, "geometry": { "type": "MultiPolygon", "coordinates": [ [ [ [ 30.312549762358906, 27.776573576460322 ], [ 30.313163282651534, 27.776411253047712 ], [ 30.313870970971202, 27.775960326263387 ], [ 30.314450006235507, 27.775429445755353 ], [ 30.314863054242746, 27.774566179673723 ], [ 30.315102982509426, 27.773660822888523 ], [ 30.314990027326086, 27.772942228216191 ], [ 30.314749855734785, 27.772085625643175 ], [ 30.314155861279364, 27.771454489669235 ], [ 30.313209950128233, 27.770971404451814 ], [ 30.312389832556907, 27.770684381714108 ], [ 30.311321820993626, 27.770741047885377 ], [ 30.310512039258118, 27.770918905972717 ], [ 30.309721630822519, 27.771193946931032 ], [ 30.308898501499613, 27.771913673740119 ], [ 30.308664246812512, 27.772586783011267 ], [ 30.308355182731791, 27.773645675592228 ], [ 30.308510180090412, 27.774423178886796 ], [ 30.30926392357954, 27.775638312596151 ], [ 30.310162525707156, 27.776275401267146 ], [ 30.311590961378599, 27.776613004470843 ], [ 30.312549762358906, 27.776573576460322 ] ] ] ] } },
{ "type": "Feature", "properties": { "id": 28, "No": 28, "Name": "B8", "Area": 80, "Lat": 27.774697, "Long": 30.318578, "Crop_24": "Wheat", "Water_Capacity_24": 3197.8, "Planting_date_24": "25-Nov-2023", "Havest_date_24": "14-May-2024", "Crop_25": "Beet", "Water_Capacity_25": 5331.8, "Planting_date_25": "18-Oct-2024", "Havest_date_25": "17-Jun-2025" }, "geometry": { "type": "MultiPolygon", "coordinates": [ [ [ [ 30.319059758504885, 27.777416485320813 ], [ 30.319672327091613, 27.777292838554796 ], [ 30.320179423254494, 27.777031607464764 ], [ 30.320818967116104, 27.776695494751028 ], [ 30.321289657040992, 27.776143120275066 ], [ 30.321701707333439, 27.775318536190259 ], [ 30.321827573944827, 27.774623937541524 ], [ 30.321738703127696, 27.773809002135263 ], [ 30.321432728168539, 27.772970494880258 ], [ 30.320623482626289, 27.772238399760901 ], [ 30.319525703562785, 27.771733048287388 ], [ 30.31859154990488, 27.771656832530944 ], [ 30.317894356854726, 27.771682022261821 ], [ 30.317194313497946, 27.771823326067924 ], [ 30.316642770838573, 27.772122408145481 ], [ 30.31604248189867, 27.772633524407663 ], [ 30.31555050123189, 27.77316610470346 ], [ 30.315228300369608, 27.773876242140194 ], [ 30.315162437825094, 27.774784982537902 ], [ 30.315257440402622, 27.775348331044793 ], [ 30.31569439790097, 27.776170033102467 ], [ 30.316288425074564, 27.776801164498842 ], [ 30.317234875096499, 27.777264879836572 ], [ 30.318275968409637, 27.777420632090102 ], [ 30.319059758504885, 27.777416485320813 ] ] ] ] } },
{ "type": "Feature", "properties": { "id": 29, "No": 29, "Name": "B9", "Area": 80, "Lat": 27.775665, "Long": 30.325241, "Crop_24": "Beet", "Water_Capacity_24": 4852.6, "Planting_date_24": "06-Nov-2023", "Havest_date_24": "23-Jun-2024", "Crop_25": "Wheat", "Water_Capacity_25": 3437.1, "Planting_date_25": "05-Dec-2024", "Havest_date_25": "22-May-2025" }, "geometry": { "type": "MultiPolygon", "coordinates": [ [ [ [ 30.327633220668353, 27.777563265649757 ], [ 30.32803671282695, 27.777087015491489 ], [ 30.328333300247518, 27.776531247214749 ], [ 30.328544269250557, 27.775915735485267 ], [ 30.328543327808369, 27.775063777998408 ], [ 30.328090193427762, 27.774009451945446 ], [ 30.327280892704376, 27.773277392298759 ], [ 30.326336794237669, 27.772716979663269 ], [ 30.324947601843725, 27.772554549504548 ], [ 30.323986463800818, 27.772690831678663 ], [ 30.323103349078771, 27.773196501050666 ], [ 30.322323800862424, 27.773917156173084 ], [ 30.321929725430216, 27.774896988835465 ], [ 30.321798167227396, 27.775823823561872 ], [ 30.322123064126082, 27.776778870302902 ], [ 30.322565296365571, 27.777387671430766 ], [ 30.323376961462355, 27.778022993179455 ], [ 30.324064717088287, 27.778384839075731 ], [ 30.325084549948354, 27.778520766766199 ], [ 30.325980462035499, 27.778383216791273 ], [ 30.326747711928181, 27.778165721818066 ], [ 30.327633220668353, 27.777563265649757 ] ] ] ] } },
{ "type": "Feature", "properties": { "id": 30, "No": 30, "Name": "B10", "Area": 80, "Lat": 27.776592, "Long": 30.332064, "Crop_24": "Beet", "Water_Capacity_24": 5008.2, "Planting_date_24": "05-Nov-2023", "Havest_date_24": "22-Jun-2024", "Crop_25": "Wheat", "Water_Capacity_25": 3438.9, "Planting_date_25": "11-Dec-2024", "Havest_date_25": "23-May-2025" }, "geometry": { "type": "MultiPolygon", "coordinates": [ [ [ [ 30.331930898881801, 27.779417997374203 ], [ 30.33278211387217, 27.779327945391923 ], [ 30.333671634370024, 27.77900628002492 ], [ 30.334103968957141, 27.778685466285843 ], [ 30.334758141975648, 27.778194671149596 ], [ 30.335042640389343, 27.777687059424327 ], [ 30.335238423744546, 27.77680017035242 ], [ 30.335175222065242, 27.77582115418544 ], [ 30.334792038045777, 27.775019906391364 ], [ 30.334105658004304, 27.774154719713483 ], [ 30.332876530545853, 27.773675979105473 ], [ 30.33174770027917, 27.773547686622596 ], [ 30.330784666949338, 27.773761428709069 ], [ 30.329817374649924, 27.774149341979328 ], [ 30.329046137668506, 27.774976690065682 ], [ 30.328842033124971, 27.775311582852044 ], [ 30.328632013446935, 27.775888389070833 ], [ 30.328553726587685, 27.776419337021256 ], [ 30.328603152958824, 27.777068928453915 ], [ 30.328974233665676, 27.777918362928585 ], [ 30.329631263899323, 27.778647470694828 ], [ 30.330661521536015, 27.779248253538093 ], [ 30.331212839283832, 27.779404124502538 ], [ 30.331930898881801, 27.779417997374203 ] ] ] ] } },
{ "type": "Feature", "properties": { "id": 31, "No": 31, "Name": "B15", "Area": 80, "Lat": 27.768458, "Long": 30.319506, "Crop_24": "Wheat", "Water_Capacity_24": 3197.8, "Planting_date_24": "27-Nov-2023", "Havest_date_24": "16-May-2024", "Crop_25": "Beet", "Water_Capacity_25": 5335.3, "Planting_date_25": "19-Oct-2024", "Havest_date_25": "14-Jun-2025" }, "geometry": { "type": "MultiPolygon", "coordinates": [ [ [ [ 30.320866440722934, 27.771207234500618 ], [ 30.321438777410513, 27.770947262252612 ], [ 30.322123692151152, 27.7705345721123 ], [ 30.322641653631035, 27.769828209533721 ], [ 30.322927388871229, 27.768826911455029 ], [ 30.322889608014826, 27.767703170502337 ], [ 30.322218987343604, 27.766644614172662 ], [ 30.321431535756616, 27.765912947785846 ], [ 30.320286505575044, 27.765561586619405 ], [ 30.319002402683399, 27.765556037198866 ], [ 30.317552235238391, 27.766108754925749 ], [ 30.316681881121127, 27.766982513663148 ], [ 30.316262229091453, 27.768116730113043 ], [ 30.316405400810105, 27.769378051777846 ], [ 30.316822015332722, 27.770141268372683 ], [ 30.317587704244325, 27.77087253816239 ], [ 30.318837292808833, 27.771400212898747 ], [ 30.319599756966273, 27.771376284765722 ], [ 30.320866440722934, 27.771207234500618 ] ] ] ] } },
{ "type": "Feature", "properties": { "id": 32, "No": 32, "Name": "B18", "Area": 100, "Lat": 27.759662, "Long": 30.303014, "Crop_24": "Beet", "Water_Capacity_24": 5046.7, "Planting_date_24": "27-Nov-2023", "Havest_date_24": "08-Jul-2024", "Crop_25": "Wheat", "Water_Capacity_25": 3465.7, "Planting_date_25": "10-Nov-2024", "Havest_date_25": "23-Apr-2025" }, "geometry": { "type": "MultiPolygon", "coordinates": [ [ [ [ 30.302332038425433, 27.762791930659837 ], [ 30.303373441640453, 27.762928431661454 ], [ 30.304424390757934, 27.762677869826682 ], [ 30.305304630181592, 27.762288436032904 ], [ 30.30597303129198, 27.761662521147244 ], [ 30.306494381725237, 27.760820753185087 ], [ 30.306670025898168, 27.759875434405053 ], [ 30.306682419215477, 27.759372261523488 ], [ 30.306613989386545, 27.758615806038154 ], [ 30.306265133164558, 27.757757073848747 ], [ 30.305802265239183, 27.75710910122088 ], [ 30.305117567223501, 27.756631060302521 ], [ 30.304146730519932, 27.756282969123259 ], [ 30.303193359838456, 27.756109470886539 ], [ 30.302365266976285, 27.756151394473822 ], [ 30.301293101948072, 27.7563821673875 ], [ 30.300144681664609, 27.757056768868548 ], [ 30.299494689419017, 27.757818549526881 ], [ 30.299121762645573, 27.75881808658772 ], [ 30.299007975017723, 27.759900135890316 ], [ 30.299336934741962, 27.760681046701126 ], [ 30.299817707522791, 27.761484285714285 ], [ 30.300369487248929, 27.762056566331434 ], [ 30.301207438019382, 27.762498900606719 ], [ 30.302332038425433, 27.762791930659837 ] ] ] ] } },
{ "type": "Feature", "properties": { "id": 33, "No": 33, "Name": "B19", "Area": 100, "Lat": 27.760723, "Long": 30.310497, "Crop_24": "Beet", "Water_Capacity_24": 5026.9, "Planting_date_24": "29-Nov-2023", "Havest_date_24": "09-Jul-2024", "Crop_25": "Wheat", "Water_Capacity_25": 3466.6, "Planting_date_25": "12-Nov-2024", "Havest_date_25": "25-Apr-2025" }, "geometry": { "type": "MultiPolygon", "coordinates": [ [ [ [ 30.310727671909124, 27.763923699835232 ], [ 30.311545899033462, 27.76384281265301 ], [ 30.312601600895288, 27.763398659054342 ], [ 30.31348943027297, 27.762699525062601 ], [ 30.313945464241449, 27.761856456347456 ], [ 30.314294139690062, 27.760953212552234 ], [ 30.314150519598378, 27.759711242743133 ], [ 30.313568475586631, 27.758596285286398 ], [ 30.312542788400815, 27.757821217415518 ], [ 30.311182708440121, 27.757368792957056 ], [ 30.310269966202622, 27.757312305952546 ], [ 30.309013600736897, 27.757510510549711 ], [ 30.308233928485354, 27.757795438272829 ], [ 30.307616221647809, 27.758131922417579 ], [ 30.307219788114065, 27.758763147184506 ], [ 30.306894964202701, 27.759579706105402 ], [ 30.30671178180193, 27.76038934374958 ], [ 30.306729399211189, 27.760999593036903 ], [ 30.30694773456085, 27.761855780619495 ], [ 30.307452232051212, 27.762582010046543 ], [ 30.308024385762902, 27.763212745594736 ], [ 30.308840147925171, 27.763673965226779 ], [ 30.30983520302571, 27.763925688147193 ], [ 30.310727671909124, 27.763923699835232 ] ] ] ] } },
{ "type": "Feature", "properties": { "id": 34, "No": 34, "Name": "B20", "Area": 100, "Lat": 27.761825, "Long": 30.317994, "Crop_24": "Beet", "Water_Capacity_24": 5555.6, "Planting_date_24": "28-Oct-2023", "Havest_date_24": "11-Jun-2024", "Crop_25": "Wheat", "Water_Capacity_25": 3464.8, "Planting_date_25": "13-Nov-2024", "Havest_date_25": "26-Apr-2025" }, "geometry": { "type": "MultiPolygon", "coordinates": [ [ [ [ 30.317629419344154, 27.765180868839419 ], [ 30.318764070183171, 27.765067357461909 ], [ 30.319685426764135, 27.764775439195443 ], [ 30.320723148416953, 27.764175975706127 ], [ 30.321373991569772, 27.763375381898513 ], [ 30.321794043350195, 27.762221791172337 ], [ 30.321798833529574, 27.761137599364652 ], [ 30.321518906852653, 27.760125337702807 ], [ 30.320972233140552, 27.759340251031119 ], [ 30.32018436459677, 27.758627934146372 ], [ 30.318973199838691, 27.758314007732547 ], [ 30.317843841155156, 27.758214643041658 ], [ 30.3165985876904, 27.758403451527354 ], [ 30.315499439433886, 27.758846795260386 ], [ 30.31466218770041, 27.76014715479409 ], [ 30.314449279420273, 27.760840054895091 ], [ 30.314278453029907, 27.761591858904797 ], [ 30.314106197625176, 27.762401721206398 ], [ 30.314480212205527, 27.763125390888867 ], [ 30.314878363892348, 27.763752718031643 ], [ 30.315258090533693, 27.764244151062638 ], [ 30.31600767558761, 27.76474276855874 ], [ 30.317000386576641, 27.765091206382003 ], [ 30.317629419344154, 27.765180868839419 ] ] ] ] } },
{ "type": "Feature", "properties": { "id": 35, "No": 35, "Name": "B21", "Area": 100, "Lat": 27.762884, "Long": 30.325516, "Crop_24": "Beet", "Water_Capacity_24": 5555.6, "Planting_date_24": "14-Oct-2023", "Havest_date_24": "31-May-2024", "Crop_25": "Beet", "Water_Capacity_25": 5555.6, "Planting_date_25": "21-Oct-2024", "Havest_date_25": "18-Jun-2025" }, "geometry": { "type": "MultiPolygon", "coordinates": [ [ [ [ 30.325125414950964, 27.766178134934062 ], [ 30.325744058947237, 27.766248197606661 ], [ 30.326401965336967, 27.766047945723418 ], [ 30.327387164915105, 27.76581529759499 ], [ 30.328006283279628, 27.765420664704902 ], [ 30.328611207100057, 27.764715957857419 ], [ 30.329028354045665, 27.763678459196555 ], [ 30.329096450716456, 27.762672936573559 ], [ 30.329031646700155, 27.761761656263616 ], [ 30.328082901441256, 27.760504127391755 ], [ 30.327229235973359, 27.759809938100286 ], [ 30.325975468547931, 27.759456523002207 ], [ 30.324756224824306, 27.759471648176149 ], [ 30.323503857859279, 27.759950814872933 ], [ 30.322551318175133, 27.760629401909313 ], [ 30.322070754535677, 27.761588200836492 ], [ 30.321966454992708, 27.761847569480121 ], [ 30.321899504109112, 27.762359370845459 ], [ 30.321733228555345, 27.762927333547761 ], [ 30.321738628940146, 27.7635954348852 ], [ 30.32198192502684, 27.7643262340539 ], [ 30.322351756967851, 27.764778732995207 ], [ 30.322935601670732, 27.765380594667946 ], [ 30.323727798361375, 27.765918722397096 ], [ 30.324583393755024, 27.766090191063519 ], [ 30.325125414950964, 27.766178134934062 ] ] ] ] } },
{ "type": "Feature", "properties": { "id": 36, "No": 36, "Name": "B22", "Area": 100, "Lat": 27.76397, "Long": 30.333029, "Crop_24": "Beet", "Water_Capacity_24": 5555.6, "Planting_date_24": "25-Oct-2023", "Havest_date_24": "15-Jun-2024", "Crop_25": "Wheat", "Water_Capacity_25": 3466.7, "Planting_date_25": "17-Nov-2024", "Havest_date_25": "27-Apr-2025" }, "geometry": { "type": "MultiPolygon", "coordinates": [ [ [ [ 30.333686258451483, 27.767253641607187 ], [ 30.334296870452754, 27.767207337490525 ], [ 30.335246103041506, 27.766664141542613 ], [ 30.336141374010033, 27.765655201845654 ], [ 30.336554683946911, 27.764772501912031 ], [ 30.33681946331664, 27.763732038653291 ], [ 30.336625000532681, 27.762779534882135 ], [ 30.335934868579496, 27.761623851657799 ], [ 30.334453526181107, 27.760782064937352 ], [ 30.333525109412701, 27.760473717212754 ], [ 30.332392399865913, 27.760509941574618 ], [ 30.331540624384541, 27.760629031389922 ], [ 30.330702099193427, 27.761096893347784 ], [ 30.329833304272505, 27.761912686241612 ], [ 30.329396307771024, 27.762872355455677 ], [ 30.32922557820276, 27.763624184756488 ], [ 30.329251125747057, 27.764360445520229 ], [ 30.32936559022313, 27.765020975823301 ], [ 30.329805932293141, 27.765707166773296 ], [ 30.330333779334246, 27.766375685129859 ], [ 30.331082509244684, 27.76691293280296 ], [ 30.331772588974975, 27.767177971804848 ], [ 30.332725173180059, 27.76738998875728 ], [ 30.333686258451483, 27.767253641607187 ] ] ] ] } },
{ "type": "Feature", "properties": { "id": 37, "No": 37, "Name": "B23", "Area": 100, "Lat": 27.76506, "Long": 30.340547, "Crop_24": "Beet", "Water_Capacity_24": 5555.6, "Planting_date_24": "23-Oct-2023", "Havest_date_24": "07-Jun-2024", "Crop_25": "Wheat", "Water_Capacity_25": 3476.4, "Planting_date_25": "18-Nov-2024", "Havest_date_25": "29-Apr-2025" }, "geometry": { "type": "MultiPolygon", "coordinates": [ [ [ [ 30.341220575937353, 27.768255626648095 ], [ 30.341855774341401, 27.768093587969766 ], [ 30.342691961801396, 27.767722425847225 ], [ 30.343490743514309, 27.767098827808471 ], [ 30.343987738987604, 27.766353248944174 ], [ 30.344183892528459, 27.765446986031193 ], [ 30.344184702471065, 27.76451760546917 ], [ 30.344006288468361, 27.763797766414442 ], [ 30.343400273312671, 27.762759907827164 ], [ 30.342395604106834, 27.762004816312107 ], [ 30.340988988140232, 27.761667956671598 ], [ 30.339968339019894, 27.761570862466964 ], [ 30.338719299043721, 27.76191469689223 ], [ 30.337545494830813, 27.762744028443283 ], [ 30.336978021839442, 27.763701210601738 ], [ 30.336760528735386, 27.764587686897094 ], [ 30.336743556429713, 27.76528440445384 ], [ 30.336816439494619, 27.765866679891893 ], [ 30.337084192312751, 27.766491436058015 ], [ 30.337804604027813, 27.767299176105002 ], [ 30.338940769798189, 27.768018109619589 ], [ 30.340196569050953, 27.768294003109549 ], [ 30.341220575937353, 27.768255626648095 ] ] ] ] } },
{ "type": "Feature", "properties": { "id": 38, "No": 38, "Name": "B25", "Area": 100, "Lat": 27.761374, "Long": 30.364265, "Crop_24": "Beet", "Water_Capacity_24": 5555.6, "Planting_date_24": "18-Oct-2023", "Havest_date_24": "14-Jun-2024", "Crop_25": "Wheat", "Water_Capacity_25": 3555.6, "Planting_date_25": "21-Nov-2024", "Havest_date_25": "02-May-2025" }, "geometry": { "type": "MultiPolygon", "coordinates": [ [ [ [ 30.36704150269421, 27.759030095637247 ], [ 30.366397679978167, 27.758649937082641 ], [ 30.365990378598028, 27.758390459977626 ], [ 30.365037786662096, 27.758178673307267 ], [ 30.363908354372061, 27.758079682649388 ], [ 30.362814968948562, 27.758291172351335 ], [ 30.36170897330501, 27.759025202313197 ], [ 30.360993169774805, 27.759824762646442 ], [ 30.360702201757434, 27.76105841040998 ], [ 30.360528417897591, 27.761945769300173 ], [ 30.360900414123254, 27.762766102786422 ], [ 30.361384468759535, 27.76345303741931 ], [ 30.362107388002027, 27.764163893694782 ], [ 30.363013708996608, 27.764490995249933 ], [ 30.36368257507489, 27.764736110181651 ], [ 30.364444071394942, 27.764750637768909 ], [ 30.365142162806858, 27.76468650162407 ], [ 30.365998148286025, 27.764393020650434 ], [ 30.366903236689303, 27.763868118392164 ], [ 30.367595874064154, 27.763126173444306 ], [ 30.367919104923434, 27.762357825640272 ], [ 30.368115984472176, 27.761412806486248 ], [ 30.367775941635145, 27.760167120490223 ], [ 30.36704150269421, 27.759030095637247 ] ] ] ] } },
{ "type": "Feature", "properties": { "id": 39, "No": 39, "Name": "B26", "Area": 100, "Lat": 27.760288, "Long": 30.356766, "Crop_24": "Beet", "Water_Capacity_24": 5555.6, "Planting_date_24": "19-Oct-2023", "Havest_date_24": "13-Jun-2024", "Crop_25": "Wheat", "Water_Capacity_25": 3466.7, "Planting_date_25": "19-Nov-2024", "Havest_date_25": "27-Apr-2025" }, "geometry": { "type": "MultiPolygon", "coordinates": [ [ [ [ 30.357461247747771, 27.763668499978937 ], [ 30.358360754816523, 27.763375899384016 ], [ 30.359065382857658, 27.763040842939699 ], [ 30.359774212815058, 27.762531599882898 ], [ 30.360224762555074, 27.761901243395084 ], [ 30.3605031253324, 27.761190145845656 ], [ 30.360606033651433, 27.76053378401242 ], [ 30.360536760900242, 27.759796682958694 ], [ 30.360231911847723, 27.758900181271105 ], [ 30.35974928423791, 27.758155183152308 ], [ 30.358939863155644, 27.757423301059887 ], [ 30.357229131258244, 27.757061432455966 ], [ 30.356426053402203, 27.756968622108818 ], [ 30.355549287863926, 27.757222922782507 ], [ 30.354583624366597, 27.75755296602917 ], [ 30.353737248993948, 27.758349987022413 ], [ 30.353232863407992, 27.759405265557795 ], [ 30.35312101211899, 27.760429336181087 ], [ 30.353188829121724, 27.761224498060333 ], [ 30.353605215977183, 27.762006973708267 ], [ 30.354028165347959, 27.762518498825994 ], [ 30.354646927354235, 27.763033771816382 ], [ 30.355485602261282, 27.76345643883138 ], [ 30.356438215044395, 27.763668293174565 ], [ 30.357461247747771, 27.763668499978937 ] ] ] ] } },
{ "type": "Feature", "properties": { "id": 40, "No": 40, "Name": "B27", "Area": 100, "Lat": 27.759184, "Long": 30.349323, "Crop_24": "Wheat", "Water_Capacity_24": 3466.7, "Planting_date_24": "29-Nov-2023", "Havest_date_24": "17-May-2024", "Crop_25": "Beet", "Water_Capacity_25": 5555.6, "Planting_date_25": "25-Oct-2024", "Havest_date_25": "04-Jul-2025" }, "geometry": { "type": "MultiPolygon", "coordinates": [ [ [ [ 30.350284661184002, 27.762504849672933 ], [ 30.351161479515817, 27.762250586399446 ], [ 30.351824949968378, 27.761817966211307 ], [ 30.352382446168985, 27.761267137028799 ], [ 30.352860408817371, 27.760404981566541 ], [ 30.353060222510443, 27.759343871198023 ], [ 30.353013693578685, 27.758568479476523 ], [ 30.352685749354517, 27.757729609393706 ], [ 30.352032417845066, 27.756845779232211 ], [ 30.350958250103506, 27.756263680184404 ], [ 30.350006652432587, 27.756013086042579 ], [ 30.34900685863159, 27.755955185844321 ], [ 30.348131965361649, 27.756132024924231 ], [ 30.347207456950528, 27.756559617948842 ], [ 30.3464763904826, 27.757087731204095 ], [ 30.345983686018496, 27.757659143154886 ], [ 30.345589888426588, 27.758639064318132 ], [ 30.345639652823952, 27.759278980928155 ], [ 30.34572635223709, 27.760190681185613 ], [ 30.345973799761239, 27.76075694497354 ], [ 30.346692368693301, 27.761642054890107 ], [ 30.347505486195221, 27.762219177331879 ], [ 30.3484557214232, 27.762527852240062 ], [ 30.349129229208433, 27.762579500011611 ], [ 30.34971758890584, 27.762552061453999 ], [ 30.350284661184002, 27.762504849672933 ] ] ] ] } },
{ "type": "Feature", "properties": { "id": 41, "No": 41, "Name": "B28", "Area": 100, "Lat": 27.758105, "Long": 30.341653, "Crop_24": "Wheat", "Water_Capacity_24": 3466.7, "Planting_date_24": "30-Nov-2023", "Havest_date_24": "20-May-2024", "Crop_25": "Beet", "Water_Capacity_25": 5555.6, "Planting_date_25": "23-Oct-2024", "Havest_date_25": "03-Jul-2025" }, "geometry": { "type": "MultiPolygon", "coordinates": [ [ [ [ 30.34247545414555, 27.761406117331486 ], [ 30.343285598711105, 27.761208709546775 ], [ 30.344121257240278, 27.760856887819536 ], [ 30.34474405166684, 27.760307346212674 ], [ 30.345130816039266, 27.759617729811115 ], [ 30.345387041921274, 27.758925604391543 ], [ 30.345476267488987, 27.757939833708619 ], [ 30.345154961494817, 27.756830001925117 ], [ 30.344695143939887, 27.756046669847464 ], [ 30.343732152101147, 27.755369840677016 ], [ 30.342609366330137, 27.754999731653299 ], [ 30.341612883136644, 27.754806305206049 ], [ 30.340673197889529, 27.754962488065676 ], [ 30.339705165484965, 27.7553891923165 ], [ 30.338863887684152, 27.755973229374277 ], [ 30.338205206711763, 27.757102924733196 ], [ 30.337967399315318, 27.757930926329678 ], [ 30.337996776830995, 27.758512363614546 ], [ 30.338152447314233, 27.759270495100086 ], [ 30.338547431643363, 27.760033235955667 ], [ 30.339633898645019, 27.761002914575258 ], [ 30.340712749518485, 27.761391567049394 ], [ 30.341754683621371, 27.76150842757658 ], [ 30.34247545414555, 27.761406117331486 ] ] ] ] } },
{ "type": "Feature", "properties": { "id": 42, "No": 42, "Name": "B29", "Area": 100, "Lat": 27.757019, "Long": 30.334159, "Crop_24": "Beet", "Water_Capacity_24": 5555.6, "Planting_date_24": "24-Oct-2023", "Havest_date_24": "09-Jun-2024", "Crop_25": "Wheat", "Water_Capacity_25": 3466.7, "Planting_date_25": "14-Nov-2024", "Havest_date_25": "02-May-2025" }, "geometry": { "type": "MultiPolygon", "coordinates": [ [ [ [ 30.335649690244928, 27.76015165491841 ], [ 30.336397395811911, 27.759836909659093 ], [ 30.337308224625165, 27.759079968946587 ], [ 30.337785819422603, 27.758237226348292 ], [ 30.338031166226987, 27.757099572326741 ], [ 30.337837641606558, 27.756108362919967 ], [ 30.337229838969193, 27.755147896483802 ], [ 30.336487749495539, 27.754339738791622 ], [ 30.33541039839621, 27.753892999029048 ], [ 30.334065873408274, 27.753692808369742 ], [ 30.332601256143867, 27.753954983217717 ], [ 30.331294612970797, 27.754878511879223 ], [ 30.330682208029739, 27.75589288752705 ], [ 30.330420703721877, 27.756797864992535 ], [ 30.330561202511209, 27.758175303346363 ], [ 30.331043149835129, 27.758939742834489 ], [ 30.331766774827834, 27.759612036187399 ], [ 30.332776535888694, 27.760154313255356 ], [ 30.333728118809791, 27.760405025788963 ], [ 30.334575645611338, 27.760460101379149 ], [ 30.335649690244928, 27.76015165491841 ] ] ] ] } },
{ "type": "Feature", "properties": { "id": 43, "No": 43, "Name": "B30", "Area": 100, "Lat": 27.755958, "Long": 30.326579, "Crop_24": "Beet", "Water_Capacity_24": 5555.6, "Planting_date_24": "26-Oct-2023", "Havest_date_24": "10-Jun-2024", "Crop_25": "Wheat", "Water_Capacity_25": 3466.7, "Planting_date_25": "18-Nov-2024", "Havest_date_25": "27-Apr-2025" }, "geometry": { "type": "MultiPolygon", "coordinates": [ [ [ [ 30.326836223073631, 27.759415090218081 ], [ 30.32738223472257, 27.759338521496538 ], [ 30.328609988656247, 27.758975016246648 ], [ 30.329605989364069, 27.758297224433104 ], [ 30.330178689105693, 27.757127189450816 ], [ 30.33046998174423, 27.75589362867526 ], [ 30.330256662943352, 27.754824580439468 ], [ 30.329608262470376, 27.753747125842455 ], [ 30.328278409179593, 27.752946931457522 ], [ 30.327241781115688, 27.752617091166233 ], [ 30.325782846330956, 27.752646956011098 ], [ 30.324507863126918, 27.753164423317472 ], [ 30.323659427260097, 27.754038659792837 ], [ 30.323066819513254, 27.755130830742484 ], [ 30.322975028998719, 27.756213338678769 ], [ 30.323145241108463, 27.757262197288419 ], [ 30.323999318811918, 27.758382387311201 ], [ 30.324523321758353, 27.758760416592953 ], [ 30.325210966032991, 27.759122249441397 ], [ 30.326108839785594, 27.759342930227266 ], [ 30.326836223073631, 27.759415090218081 ] ] ] ] } },
{ "type": "Feature", "properties": { "id": 44, "No": 44, "Name": "B32", "Area": 100, "Lat": 27.753804, "Long": 30.311616, "Crop_24": "Beet", "Water_Capacity_24": 5502.3, "Planting_date_24": "28-Nov-2023", "Havest_date_24": "16-Jul-2024", "Crop_25": "Wheat", "Water_Capacity_25": 3465.7, "Planting_date_25": "12-Nov-2024", "Havest_date_25": "25-Apr-2025" }, "geometry": { "type": "MultiPolygon", "coordinates": [ [ [ [ 30.312571024507417, 27.757115047998521 ], [ 30.313183481973535, 27.756991422218743 ], [ 30.313623327793771, 27.756806351758001 ], [ 30.314508242621066, 27.756223323996515 ], [ 30.31509381320954, 27.755421490609351 ], [ 30.315459933195079, 27.754692840247014 ], [ 30.315511137066508, 27.753493379362727 ], [ 30.315064853791593, 27.752168081309762 ], [ 30.314239269239327, 27.751222655587391 ], [ 30.312927045605885, 27.750596922256989 ], [ 30.311539590366063, 27.750376319137473 ], [ 30.31070963681487, 27.750495707680397 ], [ 30.309896200065953, 27.750828396179017 ], [ 30.308767260701565, 27.751600265463541 ], [ 30.30820056513393, 27.752518611360397 ], [ 30.307914753562891, 27.753519874558652 ], [ 30.307912690772138, 27.754487940247312 ], [ 30.308324909552955, 27.755425351330601 ], [ 30.309065831590864, 27.756272351869786 ], [ 30.310223909502721, 27.756972572190126 ], [ 30.311198581859504, 27.757165799343824 ], [ 30.311959992934053, 27.757180612279289 ], [ 30.312571024507417, 27.757115047998521 ] ] ] ] } },
{ "type": "Feature", "properties": { "id": 45, "No": 45, "Name": "B33", "Area": 100, "Lat": 27.752708, "Long": 30.30408, "Crop_24": "Beet", "Water_Capacity_24": 5109.3, "Planting_date_24": "26-Nov-2023", "Havest_date_24": "15-Jul-2024", "Crop_25": "Wheat", "Water_Capacity_25": 3499.6, "Planting_date_25": "09-Nov-2024", "Havest_date_25": "22-Apr-2025" }, "geometry": { "type": "MultiPolygon", "coordinates": [ [ [ [ 30.304132131922028, 27.75599225315479 ], [ 30.304807944169511, 27.755947348995516 ], [ 30.305814360492342, 27.755734628421685 ], [ 30.30665436537511, 27.75520886346753 ], [ 30.307328429770681, 27.754350703939039 ], [ 30.307676652591876, 27.753466830988575 ], [ 30.307891965922813, 27.752677178480987 ], [ 30.307841470769411, 27.752075969135884 ], [ 30.307489762798273, 27.751333357155772 ], [ 30.306923385753052, 27.75047038904809 ], [ 30.305960220726, 27.749812668652339 ], [ 30.304834784858947, 27.749558382021814 ], [ 30.304097091898409, 27.749466546731782 ], [ 30.302808420870353, 27.749654387803325 ], [ 30.301929234398717, 27.750005107370018 ], [ 30.301236748796047, 27.750727345964961 ], [ 30.300669520317847, 27.75166500963234 ], [ 30.300455113689821, 27.752415941982864 ], [ 30.300493627207977, 27.753500969198203 ], [ 30.30073938820961, 27.754125355170974 ], [ 30.301351148539915, 27.754911784821523 ], [ 30.30240038694977, 27.755609942267768 ], [ 30.303371211203856, 27.755958044942339 ], [ 30.304132131922028, 27.75599225315479 ] ] ] ] } },
{ "type": "Feature", "properties": { "id": 46, "No": 46, "Name": "B34", "Area": 100, "Lat": 27.746087, "Long": 30.305491, "Crop_24": "Wheat", "Water_Capacity_24": 3475.6, "Planting_date_24": "08-Dec-2023", "Havest_date_24": "28-May-2024", "Crop_25": "Beet", "Water_Capacity_25": 5615.8, "Planting_date_25": "15-Nov-2024", "Havest_date_25": "24-Jul-2025" }, "geometry": { "type": "MultiPolygon", "coordinates": [ [ [ [ 30.306387585735312, 27.749249815794609 ], [ 30.307112578495758, 27.748973511116304 ], [ 30.308062715570522, 27.748391793460506 ], [ 30.30869036102391, 27.7476488926849 ], [ 30.309060299437636, 27.746765436732947 ], [ 30.309277965095585, 27.745879015335763 ], [ 30.309205233953648, 27.745296735107171 ], [ 30.308917362354261, 27.744613455903494 ], [ 30.308498030472549, 27.743966340951371 ], [ 30.307859757100285, 27.743373047619013 ], [ 30.307151949448418, 27.742952656351395 ], [ 30.306025149829544, 27.742756442523561 ], [ 30.305028387912376, 27.742582116983513 ], [ 30.30423961008951, 27.742799082608503 ], [ 30.303232359210316, 27.743050505849332 ], [ 30.302498334586513, 27.743694495299042 ], [ 30.301912269653183, 27.744515627159455 ], [ 30.301633588168823, 27.745226584342642 ], [ 30.301551626980523, 27.745902657082109 ], [ 30.301549514000833, 27.746870719649792 ], [ 30.301988655973698, 27.747595688990124 ], [ 30.302622623285007, 27.748363183560052 ], [ 30.303521449656301, 27.748980946347864 ], [ 30.304580186503824, 27.749292028828478 ], [ 30.305210544387059, 27.749323682503867 ], [ 30.305753414490706, 27.749372990037092 ], [ 30.306387585735312, 27.749249815794609 ] ] ] ] } },
{ "type": "Feature", "properties": { "id": 47, "No": 47, "Name": "B35", "Area": 100, "Lat": 27.747178, "Long": 30.312999, "Crop_24": "Beet", "Water_Capacity_24": 5552.7, "Planting_date_24": "24-Nov-2023", "Havest_date_24": "12-Jul-2024", "Crop_25": "Wheat", "Water_Capacity_25": 3467.0, "Planting_date_25": "24-Nov-2024", "Havest_date_25": "06-May-2025" }, "geometry": { "type": "MultiPolygon", "coordinates": [ [ [ [ 30.314548669754135, 27.750144385339425 ], [ 30.314879243894211, 27.74997654823289 ], [ 30.315499732343934, 27.749523908585925 ], [ 30.316214824267366, 27.748763307573654 ], [ 30.316540727852438, 27.747898335937677 ], [ 30.316691655016793, 27.747068690931272 ], [ 30.316598080531172, 27.746447283576558 ], [ 30.316248699248085, 27.745607925475085 ], [ 30.31589837336238, 27.744807272759676 ], [ 30.315041581616548, 27.744248491639322 ], [ 30.313898222729694, 27.743839035020212 ], [ 30.313030044245032, 27.743744713464171 ], [ 30.312245547916788, 27.743787548866528 ], [ 30.311721123874005, 27.743874162084396 ], [ 30.311194321408689, 27.744057537845361 ], [ 30.310423012531629, 27.744449138140201 ], [ 30.309732045237034, 27.745113367620185 ], [ 30.309433086727811, 27.745765861953565 ], [ 30.309348793023634, 27.746538707066982 ], [ 30.309207807260822, 27.746961929783378 ], [ 30.309177963220598, 27.747290505251492 ], [ 30.309265307701317, 27.748163502043816 ], [ 30.30978913966532, 27.748986908715015 ], [ 30.310552263453186, 27.74981497021469 ], [ 30.31182333380254, 27.750343113820616 ], [ 30.312821606791406, 27.750459337114677 ], [ 30.313846388011605, 27.750382446690232 ], [ 30.314548669754135, 27.750144385339425 ] ] ] ] } },
{ "type": "Feature", "properties": { "id": 48, "No": 48, "Name": "B36", "Area": 100, "Lat": 27.748267, "Long": 30.320494, "Crop_24": "Beet", "Water_Capacity_24": 5627.0, "Planting_date_24": "22-Nov-2023", "Havest_date_24": "11-Jul-2024", "Crop_25": "Wheat", "Water_Capacity_25": 3465.5, "Planting_date_25": "25-Nov-2024", "Havest_date_25": "07-May-2025" }, "geometry": { "type": "MultiPolygon", "coordinates": [ [ [ [ 30.321241066581869, 27.751474714382788 ], [ 30.321767892454208, 27.751291301795739 ], [ 30.322296611638098, 27.751030474767838 ], [ 30.323202715523966, 27.750467158841907 ], [ 30.323787244109354, 27.749703987543612 ], [ 30.324158965942516, 27.748743070841233 ], [ 30.324220459151601, 27.748008494784099 ], [ 30.324063002472908, 27.747327766836211 ], [ 30.323732945734164, 27.746585610215309 ], [ 30.323229346083231, 27.745820730162148 ], [ 30.322394257767453, 27.74526241276909 ], [ 30.321663202516337, 27.744899729088722 ], [ 30.320318349785616, 27.744718766921828 ], [ 30.31915884117241, 27.744967355772097 ], [ 30.318806536188251, 27.745134782839937 ], [ 30.318234809205293, 27.745375401069818 ], [ 30.317836624786413, 27.745638746527039 ], [ 30.317348107100528, 27.746035873152497 ], [ 30.317029809832022, 27.746591199678214 ], [ 30.316839177645587, 27.747265176816956 ], [ 30.316692048478398, 27.747939998062755 ], [ 30.316627656924446, 27.74879068517253 ], [ 30.316871605840934, 27.749492460532061 ], [ 30.317206842305289, 27.75002174764758 ], [ 30.317887289190445, 27.750673906887364 ], [ 30.318572013698112, 27.751151886146687 ], [ 30.319868691381409, 27.751525557217878 ], [ 30.320476845018497, 27.751576073602262 ], [ 30.321241066581869, 27.751474714382788 ] ] ] ] } },
{ "type": "Feature", "properties": { "id": 49, "No": 49, "Name": "B37", "Area": 65, "Lat": 27.749372, "Long": 30.327998, "Crop_24": "Beet", "Water_Capacity_24": 5806.8, "Planting_date_24": "19-Nov-2023", "Havest_date_24": "06-Jul-2024", "Crop_25": "Wheat", "Water_Capacity_25": 3469.5, "Planting_date_25": "07-Dec-2024", "Havest_date_25": "08-May-2025" }, "geometry": { "type": "MultiPolygon", "coordinates": [ [ [ [ 30.328855593762867, 27.752483711588383 ], [ 30.329755066305527, 27.752191295873185 ], [ 30.330528734044371, 27.751702820933591 ], [ 30.331286307013769, 27.750981682487456 ], [ 30.331632440003894, 27.750175147279865 ], [ 30.331718470555515, 27.749324865145333 ], [ 30.331610136200187, 27.748412743621405 ], [ 30.331114497333239, 27.747318883197021 ], [ 30.329898665092422, 27.746307923093493 ], [ 30.328362725725221, 27.74592972336993 ], [ 30.327231587661657, 27.74590785637578 ], [ 30.326399785621721, 27.746104755512871 ], [ 30.325539132321229, 27.746591525646906 ], [ 30.324736158556778, 27.747389202910675 ], [ 30.324411739895261, 27.74819613925704 ], [ 30.324193715217163, 27.749101945662147 ], [ 30.324177620797073, 27.749759951405508 ], [ 30.324376220584245, 27.750538287102334 ], [ 30.32515791290702, 27.751502169193689 ], [ 30.326055011587925, 27.752197208333431 ], [ 30.326918545667777, 27.752484984848881 ], [ 30.327591026861242, 27.752575439033382 ], [ 30.328222837736437, 27.752548929942733 ], [ 30.328855593762867, 27.752483711588383 ] ] ] ] } },
{ "type": "Feature", "properties": { "id": 50, "No": 50, "Name": "B38", "Area": 100, "Lat": 27.750495, "Long": 30.335506, "Crop_24": "Beet", "Water_Capacity_24": 5386.0, "Planting_date_24": "18-Nov-2023", "Havest_date_24": "07-Jul-2024", "Crop_25": "Wheat", "Water_Capacity_25": 3467.0, "Planting_date_25": "27-Nov-2024", "Havest_date_25": "11-May-2025" }, "geometry": { "type": "MultiPolygon", "coordinates": [ [ [ [ 30.335504959113667, 27.753585024298484 ], [ 30.336135834456204, 27.753597185845031 ], [ 30.337054699578918, 27.753401907702195 ], [ 30.337914893235162, 27.752934419698427 ], [ 30.338540493058936, 27.75226878458221 ], [ 30.339085660025663, 27.751330524017188 ], [ 30.339150822418823, 27.750441107896776 ], [ 30.339165885855248, 27.749821800862644 ], [ 30.338796447346422, 27.748904655142344 ], [ 30.338337647253496, 27.748082599914749 ], [ 30.337351127414493, 27.747482727608126 ], [ 30.336228917692793, 27.747093220172726 ], [ 30.335294008838972, 27.747055837717188 ], [ 30.334202586333586, 27.747189691851769 ], [ 30.333056333637234, 27.747787175897564 ], [ 30.332274210738852, 27.748624026312424 ], [ 30.331879861349329, 27.749623256438309 ], [ 30.331772550018275, 27.750453765529304 ], [ 30.33188466259169, 27.751211061108339 ], [ 30.332403493534674, 27.75224728018221 ], [ 30.333126614988284, 27.752938917713045 ], [ 30.334527901873717, 27.753488734196427 ], [ 30.335504959113667, 27.753585024298484 ] ] ] ] } },
{ "type": "Feature", "properties": { "id": 51, "No": 51, "Name": "B39", "Area": 100, "Lat": 27.75154, "Long": 30.343027, "Crop_24": "Wheat", "Water_Capacity_24": 3475.6, "Planting_date_24": "02-Dec-2023", "Havest_date_24": "27-May-2024", "Crop_25": "Beet", "Water_Capacity_25": 5170.6, "Planting_date_25": "28-Oct-2024", "Havest_date_25": "07-Jul-2025" }, "geometry": { "type": "MultiPolygon", "coordinates": [ [ [ [ 30.344143476721786, 27.754564523506247 ], [ 30.345132771782382, 27.754157557710744 ], [ 30.345999046234457, 27.753438422673945 ], [ 30.346452915874078, 27.752672639148418 ], [ 30.346714277192799, 27.751767620892398 ], [ 30.346715055283035, 27.750838237170825 ], [ 30.346073548418918, 27.749470547821058 ], [ 30.34515833542633, 27.748620385805495 ], [ 30.343950476905036, 27.748171206828236 ], [ 30.342866098288699, 27.748014828196226 ], [ 30.341686245981411, 27.748205128877888 ], [ 30.340804351961218, 27.748672225872937 ], [ 30.339960781447708, 27.749353040948556 ], [ 30.339437857467061, 27.750272371822295 ], [ 30.339181149244514, 27.750983839104713 ], [ 30.339202061025105, 27.751913637111794 ], [ 30.339510955492305, 27.752635992602574 ], [ 30.33990734173851, 27.753340669170282 ], [ 30.340715656621057, 27.754111358980822 ], [ 30.341683321289064, 27.7545946735091 ], [ 30.343290344306052, 27.754741750232437 ], [ 30.344143476721786, 27.754564523506247 ] ] ] ] } },
{ "type": "Feature", "properties": { "id": 52, "No": 52, "Name": "B40", "Area": 100, "Lat": 27.752631, "Long": 30.350619, "Crop_24": "Beet", "Water_Capacity_24": 4862.2, "Planting_date_24": "15-Nov-2023", "Havest_date_24": "05-Jul-2024", "Crop_25": "Wheat", "Water_Capacity_25": 3466.7, "Planting_date_25": "28-Nov-2024", "Havest_date_25": "09-May-2025" }, "geometry": { "type": "MultiPolygon", "coordinates": [ [ [ [ 30.352150832293404, 27.755550760000958 ], [ 30.352790627619385, 27.755195129056101 ], [ 30.353344336051045, 27.75479912126103 ], [ 30.353837458334652, 27.754208325698908 ], [ 30.354205196776924, 27.75340213989422 ], [ 30.354310471612134, 27.752649016328828 ], [ 30.354261591970676, 27.751970391826816 ], [ 30.354081719317527, 27.751308622170857 ], [ 30.353476131635645, 27.75025145073274 ], [ 30.352383541811303, 27.749533474803552 ], [ 30.351411180618104, 27.749243770179163 ], [ 30.350302678278297, 27.749183799268668 ], [ 30.349452408658234, 27.74924494673564 ], [ 30.348507618710912, 27.749614075598558 ], [ 30.347887722527361, 27.750047519602184 ], [ 30.347325574475903, 27.750791868553808 ], [ 30.346932757522971, 27.751733090045786 ], [ 30.346761701447086, 27.752504305194954 ], [ 30.346911795616531, 27.753494672516819 ], [ 30.347496047111946, 27.754532098137453 ], [ 30.34832571316927, 27.755322518634848 ], [ 30.349817422435525, 27.75573838246456 ], [ 30.350990317921756, 27.755838319888039 ], [ 30.352150832293404, 27.755550760000958 ] ] ] ] } },
{ "type": "Feature", "properties": { "id": 53, "No": 53, "Name": "B41", "Area": 100, "Lat": 27.753711, "Long": 30.358152, "Crop_24": "Beet", "Water_Capacity_24": 5156.4, "Planting_date_24": "14-Nov-2023", "Havest_date_24": "04-Jul-2024", "Crop_25": "Wheat", "Water_Capacity_25": 3466.7, "Planting_date_25": "30-Nov-2024", "Havest_date_25": "14-May-2025" }, "geometry": { "type": "MultiPolygon", "coordinates": [ [ [ [ 30.359194595472875, 27.756789204315069 ], [ 30.359876954568801, 27.756473078248384 ], [ 30.360826911454371, 27.755890983008818 ], [ 30.361411223606886, 27.755127636702873 ], [ 30.361740069987068, 27.754127059701748 ], [ 30.361847628452427, 27.753277158455163 ], [ 30.361649220582969, 27.752479504340286 ], [ 30.361402638016639, 27.751874556334016 ], [ 30.360317447488715, 27.750846979752353 ], [ 30.359218261736871, 27.750400005717943 ], [ 30.358047747516238, 27.750203373438598 ], [ 30.357238172908687, 27.750381522013882 ], [ 30.356230002973859, 27.750672042464007 ], [ 30.355415276181009, 27.751063069503203 ], [ 30.354962878351049, 27.751770826707009 ], [ 30.354465561307951, 27.752535809870075 ], [ 30.354312097355635, 27.753481636492527 ], [ 30.35430086234734, 27.753946122242077 ], [ 30.354751850733535, 27.755097144662681 ], [ 30.355300164387437, 27.755824052674388 ], [ 30.356261835212788, 27.756558867154983 ], [ 30.357363872455029, 27.756889746152645 ], [ 30.358496086619748, 27.756872667327023 ], [ 30.359194595472875, 27.756789204315069 ] ] ] ] } },
{ "type": "Feature", "properties": { "id": 54, "No": 54, "Name": "B42", "Area": 100, "Lat": 27.754789, "Long": 30.36562, "Crop_24": "Beet", "Water_Capacity_24": 5241.6, "Planting_date_24": "13-Nov-2023", "Havest_date_24": "04-Jul-2024", "Crop_25": "Wheat", "Water_Capacity_25": 3516.3, "Planting_date_25": "01-Dec-2024", "Havest_date_25": "16-May-2025" }, "geometry": { "type": "MultiPolygon", "coordinates": [ [ [ [ 30.368308273725528, 27.757040510751768 ], [ 30.368866597357837, 27.756450899650496 ], [ 30.369232375302218, 27.755722082111092 ], [ 30.369337551198374, 27.754968940311247 ], [ 30.369314056897544, 27.754135898470999 ], [ 30.36909476872642, 27.753299129568934 ], [ 30.368546369726797, 27.752572270637547 ], [ 30.367476800420018, 27.751796758731398 ], [ 30.366245180837986, 27.751424766905291 ], [ 30.364963068961224, 27.751342241374228 ], [ 30.36384380141174, 27.751727513038055 ], [ 30.362671685286156, 27.752499018990903 ], [ 30.362037819925547, 27.753513140042788 ], [ 30.361745486053536, 27.754804854051223 ], [ 30.361943897376843, 27.755602508128629 ], [ 30.362341376535522, 27.756268423417936 ], [ 30.36314428145095, 27.757271238484108 ], [ 30.364111619388773, 27.757773758142886 ], [ 30.365738632792969, 27.757998408745252 ], [ 30.366764880476989, 27.757863066667753 ], [ 30.367599051736768, 27.75756915696596 ], [ 30.368308273725528, 27.757040510751768 ] ] ] ] } },
{ "type": "Feature", "properties": { "id": 55, "No": 55, "Name": "B46", "Area": 100, "Lat": 27.746782, "Long": 30.359213, "Crop_24": "Beet", "Water_Capacity_24": 5555.6, "Planting_date_24": "03-Oct-2023", "Havest_date_24": "15-May-2024", "Crop_25": "Beet", "Water_Capacity_25": 5414.5, "Planting_date_25": "06-Nov-2024", "Havest_date_25": "25-Jun-2025" }, "geometry": { "type": "MultiPolygon", "coordinates": [ [ [ [ 30.362122940601449, 27.749080727238994 ], [ 30.362660896860032, 27.748432663813009 ], [ 30.362982243042744, 27.747741740399395 ], [ 30.363071759356082, 27.746736591562836 ], [ 30.362836840464276, 27.745647802795208 ], [ 30.362400550174556, 27.744787523114375 ], [ 30.361632840360453, 27.744133906130422 ], [ 30.360709602937686, 27.743612854288031 ], [ 30.359147607666426, 27.743408759895129 ], [ 30.35783543635505, 27.743674125324663 ], [ 30.356508298190235, 27.744558794123343 ], [ 30.355786015173376, 27.745629283584943 ], [ 30.355587199865585, 27.746651696126229 ], [ 30.355554220128226, 27.7471157666448 ], [ 30.355712343670724, 27.747777118727594 ], [ 30.355998652103157, 27.748537735548396 ], [ 30.356848693508006, 27.749386583549441 ], [ 30.357578508197701, 27.749807151864307 ], [ 30.358549959816706, 27.75013552181753 ], [ 30.359159073033361, 27.750147161224294 ], [ 30.359768186614676, 27.75015879795308 ], [ 30.360424544492645, 27.750016433474865 ], [ 30.361413746483802, 27.749609343727826 ], [ 30.362122940601449, 27.749080727238994 ] ] ] ] } },
{ "type": "Feature", "properties": { "id": 56, "No": 56, "Name": "B47", "Area": 100, "Lat": 27.74567, "Long": 30.351727, "Crop_24": "Beet", "Water_Capacity_24": 4707.9, "Planting_date_24": "16-Nov-2023", "Havest_date_24": "24-Jun-2024", "Crop_25": "Wheat", "Water_Capacity_25": 3520.0, "Planting_date_25": "12-Dec-2024", "Havest_date_25": "18-May-2025" }, "geometry": { "type": "MultiPolygon", "coordinates": [ [ [ [ 30.354863956808057, 27.747760886092813 ], [ 30.355317739819899, 27.746995066917695 ], [ 30.355563339075818, 27.74583801204173 ], [ 30.355518660620209, 27.74498520451391 ], [ 30.355400772251389, 27.744460159963687 ], [ 30.354852508280842, 27.743733255191817 ], [ 30.35417186435156, 27.743081265158271 ], [ 30.353138976899199, 27.742596791226678 ], [ 30.351883892567443, 27.742301679236341 ], [ 30.350834157499587, 27.742513917191264 ], [ 30.349780669349581, 27.742880975137659 ], [ 30.348983047234142, 27.743465919285935 ], [ 30.348397315426269, 27.74428727297369 ], [ 30.348095768724722, 27.745055988377832 ], [ 30.348078413494324, 27.745772067822834 ], [ 30.348126786083238, 27.746470045693155 ], [ 30.348412568684182, 27.74725002796389 ], [ 30.349046410106084, 27.748036685592936 ], [ 30.349558647132167, 27.748453121359812 ], [ 30.350766067368589, 27.748921606614665 ], [ 30.351784742016086, 27.749096027791804 ], [ 30.352986816029592, 27.748886703327301 ], [ 30.353645044705985, 27.74866695683636 ], [ 30.354264912013456, 27.74823348478024 ], [ 30.354863956808057, 27.747760886092813 ] ] ] ] } },
{ "type": "Feature", "properties": { "id": 57, "No": 57, "Name": "B48", "Area": 100, "Lat": 27.74458333, "Long": 30.34422222, "Crop_24": "Wheat", "Water_Capacity_24": 3464.9, "Planting_date_24": "04-Dec-2023", "Havest_date_24": "26-May-2024", "Crop_25": "Beet", "Water_Capacity_25": 5368.9, "Planting_date_25": "30-Oct-2024", "Havest_date_25": "26-Jun-2025" }, "geometry": { "type": "MultiPolygon", "coordinates": [ [ [ [ 30.344870695206236, 27.74791781206887 ], [ 30.345702957394863, 27.747701446899612 ], [ 30.346606108926125, 27.747254087608919 ], [ 30.347273722304021, 27.746647302061639 ], [ 30.347681699286507, 27.745977443770382 ], [ 30.347963844446294, 27.745111544918146 ], [ 30.348029395849998, 27.744202765105797 ], [ 30.347726091345205, 27.743248183642347 ], [ 30.347071939926504, 27.7424030441477 ], [ 30.346129858169714, 27.741765362239317 ], [ 30.344769334308456, 27.741332625394296 ], [ 30.343876091682869, 27.741373553595572 ], [ 30.342915713227086, 27.741490635463997 ], [ 30.34210148707318, 27.741862232448053 ], [ 30.341238108859443, 27.742465228320274 ], [ 30.340646213420026, 27.7435381396172 ], [ 30.340477953879969, 27.744193225305128 ], [ 30.340438326384543, 27.744928235269079 ], [ 30.340547204535603, 27.745821001800579 ], [ 30.341113838437032, 27.746683849411291 ], [ 30.342140119633697, 27.747439359602652 ], [ 30.343804311503384, 27.747916686165379 ], [ 30.344870695206236, 27.74791781206887 ] ] ] ] } },
{ "type": "Feature", "properties": { "id": 58, "No": 58, "Name": "B49", "Area": 100, "Lat": 27.743491, "Long": 30.336612, "Crop_24": "Wheat", "Water_Capacity_24": 3475.6, "Planting_date_24": "05-Dec-2023", "Havest_date_24": "25-May-2024", "Crop_25": "Beet", "Water_Capacity_25": 5595.0, "Planting_date_25": "07-Nov-2024", "Havest_date_25": "17-Jul-2025" }, "geometry": { "type": "MultiPolygon", "coordinates": [ [ [ [ 30.337984135777745, 27.746734945695941 ], [ 30.338595196160004, 27.746441754449627 ], [ 30.339522467628051, 27.745898094742536 ], [ 30.340104508775845, 27.745231611104831 ], [ 30.340346968260079, 27.744210067617058 ], [ 30.34045749728423, 27.743244072527137 ], [ 30.340238448583079, 27.742407273486272 ], [ 30.339801412193822, 27.741585642080132 ], [ 30.338863148639664, 27.740793087029498 ], [ 30.337763692321928, 27.740365308141357 ], [ 30.336961704221675, 27.740233687404807 ], [ 30.336179585859192, 27.74017989456884 ], [ 30.335127495299194, 27.740488779053873 ], [ 30.33402529554748, 27.741067762222229 ], [ 30.333244956225393, 27.74205713466776 ], [ 30.333052531861433, 27.742585887714366 ], [ 30.332934410283393, 27.743191103106124 ], [ 30.332987402991531, 27.743695547032953 ], [ 30.333031905388701, 27.744548349698274 ], [ 30.333576718877506, 27.745410804081089 ], [ 30.33445019060904, 27.746182782970752 ], [ 30.335633400852831, 27.746747741402874 ], [ 30.336957976947623, 27.746870078842687 ], [ 30.337984135777745, 27.746734945695941 ] ] ] ] } },
{ "type": "Feature", "properties": { "id": 59, "No": 59, "Name": "B50", "Area": 100, "Lat": 27.742399, "Long": 30.32912, "Crop_24": "Beet", "Water_Capacity_24": 5801.2, "Planting_date_24": "20-Nov-2023", "Havest_date_24": "13-Jul-2024", "Crop_25": "Wheat", "Water_Capacity_25": 3460.9, "Planting_date_25": "26-Nov-2024", "Havest_date_25": "07-May-2025" }, "geometry": { "type": "MultiPolygon", "coordinates": [ [ [ [ 30.329475891244144, 27.745796335245441 ], [ 30.330350720060856, 27.745619610470069 ], [ 30.331031189164211, 27.74538104036262 ], [ 30.331759408144443, 27.74496912728593 ], [ 30.332476248950186, 27.744131018578855 ], [ 30.332867738552839, 27.743247903865093 ], [ 30.332941430782725, 27.742010134111382 ], [ 30.332659073712033, 27.741094655088389 ], [ 30.331986135687099, 27.740132913690466 ], [ 30.330870629897412, 27.739472423496945 ], [ 30.329724415391297, 27.739179216381064 ], [ 30.328659544511464, 27.739119919861285 ], [ 30.327763015510737, 27.739296217093557 ], [ 30.326771442584999, 27.739799830003388 ], [ 30.325880579418602, 27.740634542624822 ], [ 30.325391633464569, 27.741941720536559 ], [ 30.325347176810418, 27.742870250812476 ], [ 30.325755257997198, 27.743981797031498 ], [ 30.326472609830887, 27.744905701250119 ], [ 30.327479848245538, 27.745544772577393 ], [ 30.328519247159001, 27.745758487600025 ], [ 30.329475891244144, 27.745796335245441 ] ] ] ] } },
{ "type": "Feature", "properties": { "id": 60, "No": 60, "Name": "B52", "Area": 100, "Lat": 27.740226, "Long": 30.314085, "Crop_24": "Beet", "Water_Capacity_24": 5246.0, "Planting_date_24": "23-Nov-2023", "Havest_date_24": "10-Jul-2024", "Crop_25": "Wheat", "Water_Capacity_25": 3468.5, "Planting_date_25": "23-Nov-2024", "Havest_date_25": "05-May-2025" }, "geometry": { "type": "MultiPolygon", "coordinates": [ [ [ [ 30.313880746394553, 27.743664435682224 ], [ 30.31434888861023, 27.743654169458242 ], [ 30.314741136440489, 27.743632746282064 ], [ 30.315737735212736, 27.743371349941626 ], [ 30.316596264515915, 27.742971730512821 ], [ 30.317254550837013, 27.742306829426987 ], [ 30.317705477081031, 27.741666944840905 ], [ 30.317906966952393, 27.740993175961481 ], [ 30.317952432964052, 27.740025946168974 ], [ 30.317777540513536, 27.739170614592961 ], [ 30.317372604923566, 27.738378587150795 ], [ 30.316820364168262, 27.737825727918434 ], [ 30.315898129272519, 27.737275365249634 ], [ 30.315121512172439, 27.736998895822087 ], [ 30.31383964904246, 27.736915910051859 ], [ 30.313041713583395, 27.737064983533283 ], [ 30.312274026184248, 27.737311451284224 ], [ 30.311465865871366, 27.737876603589541 ], [ 30.310941647350035, 27.738398868348956 ], [ 30.310712488315549, 27.738868784226081 ], [ 30.310527542608693, 27.739310516466407 ], [ 30.310388412047224, 27.740101658776464 ], [ 30.310396608081589, 27.740653640066864 ], [ 30.310458706846291, 27.741226032198259 ], [ 30.310798106731326, 27.74202648389646 ], [ 30.311487441002562, 27.742756292415397 ], [ 30.312184390187497, 27.743176451091077 ], [ 30.312732883587692, 27.74343882313751 ], [ 30.313153481630749, 27.743592215265174 ], [ 30.31346769683126, 27.74364672774286 ], [ 30.313880746394553, 27.743664435682224 ] ] ] ] } },
{ "type": "Feature", "properties": { "id": 61, "No": 61, "Name": "B53", "Area": 100, "Lat": 27.73911111, "Long": 30.30658333, "Crop_24": "Wheat", "Water_Capacity_24": 3475.6, "Planting_date_24": "06-Dec-2023", "Havest_date_24": "24-May-2024", "Crop_25": "Beet", "Water_Capacity_25": 5627.9, "Planting_date_25": "08-Nov-2024", "Havest_date_25": "12-Jul-2025" }, "geometry": { "type": "MultiPolygon", "coordinates": [ [ [ [ 30.306649834996762, 27.74257499374523 ], [ 30.307271184813082, 27.742529012014906 ], [ 30.307840535882967, 27.742385204089498 ], [ 30.308720119223729, 27.74201508798798 ], [ 30.309453622179422, 27.741390414841693 ], [ 30.31023727858004, 27.74049564280206 ], [ 30.310288519070205, 27.739296185234238 ], [ 30.310396924822072, 27.738426996510963 ], [ 30.309983787557321, 27.737528298668863 ], [ 30.309114372233086, 27.73660135794438 ], [ 30.308319599204211, 27.736179281740075 ], [ 30.306934718487085, 27.735861881122879 ], [ 30.305932300604013, 27.735919800627578 ], [ 30.304966235443572, 27.736268853350474 ], [ 30.304305623262554, 27.736585130703563 ], [ 30.303536403280681, 27.737334934081453 ], [ 30.303139079671762, 27.738004858102457 ], [ 30.302856849421094, 27.738860966098169 ], [ 30.302833335356844, 27.739373603105925 ], [ 30.302940565391118, 27.739879109782809 ], [ 30.303076607561866, 27.740540075304292 ], [ 30.303584091778056, 27.741140518862665 ], [ 30.304166996225124, 27.741771474762022 ], [ 30.305003386385682, 27.742271835708983 ], [ 30.306074370273141, 27.742525056222174 ], [ 30.306649834996762, 27.74257499374523 ] ] ] ] } },
{ "type": "Feature", "properties": { "id": 62, "No": 62, "Name": "B55", "Area": 80, "Lat": 27.735839, "Long": 30.3305, "Crop_24": "Beet", "Water_Capacity_24": 5554.4, "Planting_date_24": "03-Nov-2023", "Havest_date_24": "26-Jun-2024", "Crop_25": "Beet", "Water_Capacity_25": 5361.1, "Planting_date_25": "05-Nov-2024", "Havest_date_25": "10-Jul-2025" }, "geometry": { "type": "MultiPolygon", "coordinates": [ [ [ [ 30.331100886591233, 27.738954085092811 ], [ 30.331561439442609, 27.738808076251637 ], [ 30.332178967573366, 27.738471471311346 ], [ 30.333159600839533, 27.737522271791143 ], [ 30.333703784551254, 27.73662273536614 ], [ 30.333904660710612, 27.73552295279071 ], [ 30.333606685068297, 27.734355463219529 ], [ 30.332866166202727, 27.733489235755073 ], [ 30.331445745228347, 27.732842233391725 ], [ 30.330863682447145, 27.732618012633925 ], [ 30.329753957541634, 27.732615948972196 ], [ 30.328879233993572, 27.732792677485246 ], [ 30.327929337897551, 27.733374556835322 ], [ 30.327274958009518, 27.734330026141837 ], [ 30.326733099885399, 27.735132768646245 ], [ 30.326840444602368, 27.736083598162264 ], [ 30.327250885033614, 27.737098374263677 ], [ 30.327897287122017, 27.738253246495386 ], [ 30.329102127609254, 27.738818673485987 ], [ 30.330229417487956, 27.738995345948688 ], [ 30.331100886591233, 27.738954085092811 ] ] ] ] } },
{ "type": "Feature", "properties": { "id": 63, "No": 63, "Name": "B56", "Area": 100, "Lat": 27.736922, "Long": 30.337998, "Crop_24": "Beet", "Water_Capacity_24": 5066.0, "Planting_date_24": "04-Nov-2023", "Havest_date_24": "25-Jun-2024", "Crop_25": "Wheat", "Water_Capacity_25": 3522.2, "Planting_date_25": "03-Dec-2024", "Havest_date_25": "20-May-2025" }, "geometry": { "type": "MultiPolygon", "coordinates": [ [ [ [ 30.338975005056696, 27.739996540036749 ], [ 30.339852599010474, 27.739703630330993 ], [ 30.340560878659261, 27.739213833466295 ], [ 30.341121593412723, 27.738527570225415 ], [ 30.341601406466069, 27.737588036799625 ], [ 30.341687811504997, 27.736718387548478 ], [ 30.341643709155299, 27.735846228896595 ], [ 30.34116459246588, 27.734965705552206 ], [ 30.340335123508083, 27.734175254328118 ], [ 30.338936393406993, 27.733528743712174 ], [ 30.337916007975469, 27.733431652443269 ], [ 30.336957109663366, 27.733490637344108 ], [ 30.335638429762604, 27.734026743525668 ], [ 30.335036562780385, 27.734615379054109 ], [ 30.334426677618204, 27.735533017757753 ], [ 30.334104256792479, 27.736262572356555 ], [ 30.334144056423366, 27.737308908895049 ], [ 30.334488845028503, 27.73834176343496 ], [ 30.335078560520859, 27.739146990037192 ], [ 30.336130250001787, 27.739748130481704 ], [ 30.337274137886165, 27.740138052747096 ], [ 30.338210872451647, 27.740098004315026 ], [ 30.338975005056696, 27.739996540036749 ] ] ] ] } },
{ "type": "Feature", "properties": { "id": 64, "No": 64, "Name": "B57", "Area": 100, "Lat": 27.738008, "Long": 30.345461, "Crop_24": "Beet", "Water_Capacity_24": 5555.6, "Planting_date_24": "13-Oct-2023", "Havest_date_24": "29-5-2024", "Crop_25": "Beet", "Water_Capacity_25": 5333.3, "Planting_date_25": "02-Nov-2024", "Havest_date_25": "01-Jul-2025" }, "geometry": { "type": "MultiPolygon", "coordinates": [ [ [ [ 30.347021057387966, 27.740911155479377 ], [ 30.34759364541685, 27.74063170487149 ], [ 30.348233831063606, 27.740256735802859 ], [ 30.348730657515585, 27.739511126543196 ], [ 30.349101185956137, 27.738588830789784 ], [ 30.34914778019311, 27.737563510474892 ], [ 30.348869980179831, 27.736454520045989 ], [ 30.348196448731265, 27.735512202634428 ], [ 30.346735679977563, 27.734729040604719 ], [ 30.345760649932945, 27.73455542681678 ], [ 30.344803618849472, 27.734537051865178 ], [ 30.343554436972727, 27.734900307270124 ], [ 30.342354994149847, 27.735903468425214 ], [ 30.34181088270066, 27.736803044237586 ], [ 30.341685805690407, 27.738368998473824 ], [ 30.342029259620457, 27.739459899512326 ], [ 30.343110873070913, 27.740623075546118 ], [ 30.344619887550682, 27.741213580069434 ], [ 30.345968982965385, 27.741220124168528 ], [ 30.347021057387966, 27.740911155479377 ] ] ] ] } },
{ "type": "Feature", "properties": { "id": 65, "No": 65, "Name": "B60", "Area": 100, "Lat": 27.741243, "Long": 30.368121, "Crop_24": "Beet", "Water_Capacity_24": 5555.6, "Planting_date_24": "11-Oct-2023", "Havest_date_24": "27-May-2024", "Crop_25": "Beet", "Water_Capacity_25": 5375.6, "Planting_date_25": "31-Oct-2024", "Havest_date_25": "30-Jun-2025" }, "geometry": { "type": "MultiPolygon", "coordinates": [ [ [ [ 30.369797187987782, 27.743999048535798 ], [ 30.370681260003877, 27.743434985627911 ], [ 30.371217278044266, 27.74286429844015 ], [ 30.371582522654737, 27.742154823053504 ], [ 30.371778854580949, 27.741229145395501 ], [ 30.371585964881071, 27.740199254251991 ], [ 30.370933959838212, 27.739257446573369 ], [ 30.370299997518757, 27.738470881134809 ], [ 30.369072233956597, 27.737944092764014 ], [ 30.367792602004236, 27.737764834963535 ], [ 30.366609627143738, 27.738090836188192 ], [ 30.365683941512735, 27.738576630867474 ], [ 30.364993325912213, 27.739241163304921 ], [ 30.364446111419699, 27.740276316063504 ], [ 30.36439639412577, 27.741437127397731 ], [ 30.364566997683173, 27.742485962967788 ], [ 30.365245840759307, 27.743215320947577 ], [ 30.366315314071304, 27.743990844102687 ], [ 30.367524168134089, 27.744401123256896 ], [ 30.368722448440682, 27.744346486597628 ], [ 30.369797187987782, 27.743999048535798 ] ] ] ] } },
{ "type": "Feature", "properties": { "id": 66, "No": 66, "Name": "B66", "Area": 100, "Lat": 27.732122, "Long": 30.354197, "Crop_24": "Beet", "Water_Capacity_24": 5555.6, "Planting_date_24": "12-Oct-2023", "Havest_date_24": "18-May-2024", "Crop_25": "Beet", "Water_Capacity_25": 5355.5, "Planting_date_25": "01-Nov-2024", "Havest_date_25": "29-Jun-2025" }, "geometry": { "type": "MultiPolygon", "coordinates": [ [ [ [ 30.353821142251618, 27.735568816940852 ], [ 30.354520982839286, 27.735552573234763 ], [ 30.355006217107682, 27.735458130988498 ], [ 30.355843874897992, 27.735251883511417 ], [ 30.356637672670317, 27.73479288698487 ], [ 30.357284155765331, 27.734227344247525 ], [ 30.357786898990295, 27.733407145995681 ], [ 30.358057313185157, 27.732552870706115 ], [ 30.358000535470723, 27.731455255903867 ], [ 30.357696071659213, 27.730960445285064 ], [ 30.357266314646942, 27.73013724429854 ], [ 30.356779120428541, 27.729624121699477 ], [ 30.355627924533049, 27.729024211976945 ], [ 30.354533301295159, 27.728840278222894 ], [ 30.353381946224825, 27.728936791189739 ], [ 30.352794365025719, 27.729132995578922 ], [ 30.352221277776749, 27.729418382500537 ], [ 30.351714767282562, 27.729705041917988 ], [ 30.351186234579103, 27.730213546435468 ], [ 30.350716034136912, 27.73106397851047 ], [ 30.350599676601615, 27.731743373629605 ], [ 30.350418169884996, 27.732362248485675 ], [ 30.350504420723663, 27.732926982149074 ], [ 30.350756768402348, 27.733509716172954 ], [ 30.351093421494063, 27.734049611185771 ], [ 30.351432944536711, 27.734471017098098 ], [ 30.352169100721426, 27.735018561894865 ], [ 30.353057941810739, 27.73545048273494 ], [ 30.353821142251618, 27.735568816940852 ] ] ] ] } },
{ "type": "Feature", "properties": { "id": 67, "No": 67, "Name": "B67", "Area": 100, "Lat": 27.731019, "Long": 30.346593, "Crop_24": "Beet", "Water_Capacity_24": 5555.6, "Planting_date_24": "02-Oct-2023", "Havest_date_24": "16-May-2024", "Crop_25": "Beet", "Water_Capacity_25": 5097.1, "Planting_date_25": "03-Nov-2024", "Havest_date_25": "09-Jul-2025" }, "geometry": { "type": "MultiPolygon", "coordinates": [ [ [ [ 30.345359465966567, 27.734265636659725 ], [ 30.345922540675431, 27.734394989222423 ], [ 30.346885828411413, 27.734502383765626 ], [ 30.347672117665066, 27.734354472219199 ], [ 30.348510494220545, 27.734118647512144 ], [ 30.349119058391953, 27.733745050600287 ], [ 30.349716351522101, 27.733148966033504 ], [ 30.350115686805854, 27.732474995393623 ], [ 30.350399934273938, 27.731739546391587 ], [ 30.350448995810492, 27.731088497910594 ], [ 30.350394960607058, 27.730568835241435 ], [ 30.350178777755215, 27.729868250427629 ], [ 30.349778429098919, 27.729208589722379 ], [ 30.349225414336047, 27.728664545078932 ], [ 30.348504882910557, 27.72816174039837 ], [ 30.347580318618743, 27.727832833933125 ], [ 30.346783533264098, 27.727728641695169 ], [ 30.346133319754333, 27.727760618899673 ], [ 30.345414732729257, 27.727865370014364 ], [ 30.344825709568514, 27.728120783924918 ], [ 30.344130709100877, 27.728626063895632 ], [ 30.343519285164422, 27.729118127682074 ], [ 30.343237157349776, 27.729764694202192 ], [ 30.342845451451741, 27.73080923688142 ], [ 30.34295740391487, 27.731685642497048 ], [ 30.343222039960203, 27.732446438799869 ], [ 30.343650616830065, 27.733314109412369 ], [ 30.344469950296887, 27.733863290956599 ], [ 30.345359465966567, 27.734265636659725 ] ] ] ] } },
{ "type": "Feature", "properties": { "id": 68, "No": 68, "Name": "C4", "Area": 100, "Lat": 27.768805, "Long": 30.270381, "Crop_24": "Beet", "Water_Capacity_24": 5580.3, "Planting_date_24": "08-Nov-2023", "Havest_date_24": "30-Jun-2024", "Crop_25": "Wheat", "Water_Capacity_25": 3541.0, "Planting_date_25": "06-Nov-2024", "Havest_date_25": "19-Apr-2025" }, "geometry": { "type": "MultiPolygon", "coordinates": [ [ [ [ 30.269268132735011, 27.77178299596649 ], [ 30.269714357603796, 27.771925171934452 ], [ 30.270397015950721, 27.771938662959247 ], [ 30.271216204548157, 27.771821491951982 ], [ 30.271820418054691, 27.771640801237393 ], [ 30.27247864585755, 27.771298183798361 ], [ 30.273005147023834, 27.77089369340144 ], [ 30.273557160846185, 27.770134088500519 ], [ 30.273926387521513, 27.769356056739849 ], [ 30.274009977343518, 27.768676109010034 ], [ 30.273959999125708, 27.768008342912637 ], [ 30.273695423770061, 27.767262255444894 ], [ 30.273360929276418, 27.766648143658553 ], [ 30.272494398366455, 27.765993894113954 ], [ 30.27167080295073, 27.765622016568408 ], [ 30.27102480914651, 27.765475902263489 ], [ 30.270261163497221, 27.765371912446199 ], [ 30.269426853860846, 27.765429512240203 ], [ 30.268470448630062, 27.765706952504143 ], [ 30.267673128382057, 27.766283877991047 ], [ 30.267176229361333, 27.766837106768016 ], [ 30.266738887088739, 27.767673040119817 ], [ 30.266646735828726, 27.768693609249876 ], [ 30.266688521248756, 27.769687193673072 ], [ 30.267312685336698, 27.77070711701181 ], [ 30.268312417845287, 27.771364033240776 ], [ 30.269268132735011, 27.77178299596649 ] ] ] ] } },
{ "type": "Feature", "properties": { "id": 70, "No": 70, "Name": "C12", "Area": 100, "Lat": 27.760747, "Long": 30.263968, "Crop_24": "Beet", "Water_Capacity_24": 5749.7, "Planting_date_24": "11-Nov-2023", "Havest_date_24": "01-Jul-2024", "Crop_25": "Wheat", "Water_Capacity_25": 3464.9, "Planting_date_25": "05-Nov-2024", "Havest_date_25": "16-Apr-2025" }, "geometry": { "type": "MultiPolygon", "coordinates": [ [ [ [ 30.262979996992268, 27.764116565452444 ], [ 30.263691452507224, 27.764308464809258 ], [ 30.264623053304078, 27.764356546588179 ], [ 30.26545957722491, 27.764210115740546 ], [ 30.266352711822076, 27.763798088651878 ], [ 30.267053457843129, 27.763085904227921 ], [ 30.267610278034226, 27.762133792802789 ], [ 30.267854836443046, 27.761012514105968 ], [ 30.267825614348716, 27.760182167430997 ], [ 30.267641376887713, 27.759556197723406 ], [ 30.267178563511013, 27.758746911071128 ], [ 30.266327668921722, 27.758137388445142 ], [ 30.265405748119644, 27.757704262935018 ], [ 30.264575942962608, 27.757584118052073 ], [ 30.264044690999619, 27.757514331549697 ], [ 30.263194535233961, 27.757541948306613 ], [ 30.262607409639806, 27.757708126016755 ], [ 30.262032480786004, 27.75805234997117 ], [ 30.261608864120877, 27.75834030096728 ], [ 30.261147127017189, 27.758820119306407 ], [ 30.260666140590853, 27.759403275021992 ], [ 30.260481849048169, 27.760110849420233 ], [ 30.260264629059286, 27.76080295323635 ], [ 30.260251640856882, 27.76132129934491 ], [ 30.26023976562594, 27.761795215748087 ], [ 30.260559006729999, 27.762349783718818 ], [ 30.261055821415425, 27.763130130062141 ], [ 30.26188970025671, 27.763754165436985 ], [ 30.262979996992268, 27.764116565452444 ] ] ] ] } },
{ "type": "Feature", "properties": { "id": 71, "No": 71, "Name": "C13", "Area": 100, "Lat": 27.76188, "Long": 30.27148, "Crop_24": "Beet", "Water_Capacity_24": 5493.7, "Planting_date_24": "10-Nov-2023", "Havest_date_24": "01-Jul-2024", "Crop_25": "Wheat", "Water_Capacity_25": 3463.4, "Planting_date_25": "07-Nov-2024", "Havest_date_25": "17-Apr-2025" }, "geometry": { "type": "MultiPolygon", "coordinates": [ [ [ [ 30.271529091547091, 27.765293236990541 ], [ 30.272697677715119, 27.765190362790051 ], [ 30.273453910640693, 27.764923759545272 ], [ 30.274046602907674, 27.76453538666615 ], [ 30.274557891674576, 27.764071318534725 ], [ 30.27493746062455, 27.763545381003841 ], [ 30.275282211504539, 27.762411244243875 ], [ 30.275332855355394, 27.76171582742883 ], [ 30.275216273874875, 27.7610467476411 ], [ 30.275017189054978, 27.760346406044995 ], [ 30.274550624638568, 27.759685240749878 ], [ 30.273749622867438, 27.759076745581279 ], [ 30.272728140618458, 27.758626885508125 ], [ 30.271615666902164, 27.758486385665172 ], [ 30.270546857082543, 27.758598633966791 ], [ 30.269419780377735, 27.759043112059786 ], [ 30.268532615819446, 27.759884981793618 ], [ 30.268080147829615, 27.760661353812228 ], [ 30.267896640682004, 27.761339321318374 ], [ 30.267798224638856, 27.761944884550701 ], [ 30.267685749226249, 27.762446448510588 ], [ 30.267820784049238, 27.763041810679521 ], [ 30.268280657299083, 27.763969576234121 ], [ 30.268896299525963, 27.764663342999405 ], [ 30.269474578717848, 27.764852580568483 ], [ 30.270100958458787, 27.765116852780384 ], [ 30.270996686559503, 27.765267904356872 ], [ 30.271529091547091, 27.765293236990541 ] ] ] ] } },
{ "type": "Feature", "properties": { "id": 72, "No": 72, "Name": "C14", "Area": 100, "Lat": 27.76299, "Long": 30.278983, "Crop_24": "Beet", "Water_Capacity_24": 5662.3, "Planting_date_24": "07-Nov-2023", "Havest_date_24": "29-Jun-2024", "Crop_25": "Wheat", "Water_Capacity_25": 3422.5, "Planting_date_25": "04-Dec-2024", "Havest_date_25": "21-May-2025" }, "geometry": { "type": "MultiPolygon", "coordinates": [ [ [ [ 30.27918247698544, 27.766325802790963 ], [ 30.279580958839205, 27.766378101911336 ], [ 30.28028244847129, 27.766303008759674 ], [ 30.281055692387351, 27.766021880748927 ], [ 30.281595840729047, 27.765736162014182 ], [ 30.282091561264913, 27.765227306125826 ], [ 30.282556187348849, 27.764628932225396 ], [ 30.282926802196229, 27.763791629292729 ], [ 30.282945205138343, 27.763051121079091 ], [ 30.282761611984935, 27.762395544928633 ], [ 30.282644616010671, 27.761741278343646 ], [ 30.282145804853155, 27.761035049806399 ], [ 30.281529723311117, 27.760356147425163 ], [ 30.280556664594741, 27.759966565402998 ], [ 30.279248801762712, 27.759644471868988 ], [ 30.278313170734627, 27.759759402456321 ], [ 30.277155945188596, 27.760077403316181 ], [ 30.276457125954643, 27.760715594938212 ], [ 30.275719097113853, 27.761590087159021 ], [ 30.275518616530288, 27.762282549806113 ], [ 30.275366603469269, 27.763035237152778 ], [ 30.275436192448499, 27.763584851361433 ], [ 30.27562011117141, 27.764225624090987 ], [ 30.27589059908788, 27.764734747384534 ], [ 30.27650814139497, 27.765354433493339 ], [ 30.277293660054763, 27.765918158165722 ], [ 30.278186090091829, 27.766202455123857 ], [ 30.27918247698544, 27.766325802790963 ] ] ] ] } },
{ "type": "Feature", "properties": { "id": 73, "No": 73, "Name": "C18", "Area": 100, "Lat": 27.757409, "Long": 30.287734, "Crop_24": "Beet", "Water_Capacity_24": 5189.0, "Planting_date_24": "25-Nov-2023", "Havest_date_24": "14-Jul-2024", "Crop_25": "Wheat", "Water_Capacity_25": 3463.6, "Planting_date_25": "08-Nov-2024", "Havest_date_25": "20-Apr-2025" }, "geometry": { "type": "MultiPolygon", "coordinates": [ [ [ [ 30.287760659552422, 27.760560794568409 ], [ 30.288392990078552, 27.760515119228689 ], [ 30.289225431933676, 27.760299109511642 ], [ 30.290216389073354, 27.759834498020318 ], [ 30.290752887602633, 27.759264159579782 ], [ 30.291251623849238, 27.758460735017373 ], [ 30.291558397720145, 27.757498650200034 ], [ 30.291513265319505, 27.756684563209291 ], [ 30.291036888343076, 27.755707127532936 ], [ 30.290599232615865, 27.754924069279081 ], [ 30.290002114904638, 27.754428312317181 ], [ 30.288662023738095, 27.754053512109031 ], [ 30.287686472938972, 27.75389883559194 ], [ 30.28666117740811, 27.753994880670735 ], [ 30.286046796756448, 27.75419579785299 ], [ 30.285737444486102, 27.754383341528087 ], [ 30.285269571333679, 27.754819475382195 ], [ 30.28471131623936, 27.755389364928142 ], [ 30.284209186072673, 27.756328230923785 ], [ 30.284166766912712, 27.757159958782474 ], [ 30.284150426346265, 27.757817942025856 ], [ 30.28445559504808, 27.758675862752234 ], [ 30.284830356503591, 27.75936089338914 ], [ 30.285792019035984, 27.760076814741819 ], [ 30.287020995021898, 27.760546273866122 ], [ 30.287760659552422, 27.760560794568409 ] ] ] ] } },
{ "type": "Feature", "properties": { "id": 74, "No": 74, "Name": "C21", "Area": 100, "Lat": 27.754177, "Long": 30.265353, "Crop_24": "Beet", "Water_Capacity_24": 5555.6, "Planting_date_24": "05-Oct-2023", "Havest_date_24": "19-May-2024", "Crop_25": "Beet", "Water_Capacity_25": 5632.7, "Planting_date_25": "13-Nov-2024", "Havest_date_25": "21-Jul-2025" }, "geometry": { "type": "MultiPolygon", "coordinates": [ [ [ [ 30.264964957322313, 27.757347332992754 ], [ 30.265714854294163, 27.757332538712163 ], [ 30.266552063063642, 27.757156477207534 ], [ 30.267345246966741, 27.756742463024114 ], [ 30.268057775847225, 27.756223128281448 ], [ 30.268557206727035, 27.755566221779702 ], [ 30.268857599896844, 27.754875745006935 ], [ 30.268931950447048, 27.753899271329427 ], [ 30.268672983182537, 27.752931027619496 ], [ 30.268064059956348, 27.75197068356341 ], [ 30.267181765227587, 27.751286460974118 ], [ 30.266108592830157, 27.750909621042375 ], [ 30.264740951592454, 27.750986281794802 ], [ 30.263821665654302, 27.751116257925872 ], [ 30.262859078281181, 27.75164543682849 ], [ 30.262296753403266, 27.752152903478613 ], [ 30.261931964777595, 27.752753184952045 ], [ 30.261659269047033, 27.753666452679017 ], [ 30.261688446897388, 27.754496797867173 ], [ 30.261823442600761, 27.755092163461629 ], [ 30.262058695974869, 27.755674698111925 ], [ 30.262398286583764, 27.756081492233172 ], [ 30.262869579014364, 27.756550163440043 ], [ 30.263607611513468, 27.75700929823752 ], [ 30.264269820594468, 27.757170582651824 ], [ 30.264964957322313, 27.757347332992754 ] ] ] ] } },
{ "type": "Feature", "properties": { "id": 75, "No": 75, "Name": "C29", "Area": 100, "Lat": 27.748331, "Long": 30.273967, "Crop_24": "Beet", "Water_Capacity_24": 5555.6, "Planting_date_24": "29-Oct-2023", "Havest_date_24": "27-Jun-2024", "Crop_25": "Beet", "Water_Capacity_25": 5572.9, "Planting_date_25": "14-Nov-2024", "Havest_date_25": "23-Jul-2025" }, "geometry": { "type": "MultiPolygon", "coordinates": [ [ [ [ 30.273863925204452, 27.751818498244479 ], [ 30.274448791399251, 27.751741129553778 ], [ 30.274934142814651, 27.751646978817938 ], [ 30.275757969803692, 27.751337238044833 ], [ 30.276517047703898, 27.750952129287992 ], [ 30.276977579588902, 27.750516682207508 ], [ 30.277514647434025, 27.749682671571776 ], [ 30.277730995050113, 27.74902015049393 ], [ 30.277736091660277, 27.748146024841073 ], [ 30.27760543539442, 27.747372947097919 ], [ 30.277339766109765, 27.746671296826726 ], [ 30.276659415721912, 27.745902207031325 ], [ 30.275922499057163, 27.745398712445912 ], [ 30.275094981865031, 27.745189775801418 ], [ 30.274364762703257, 27.74508647456673 ], [ 30.273648977244189, 27.745072358427162 ], [ 30.273030116333047, 27.745178689671825 ], [ 30.272441962448461, 27.745389345518738 ], [ 30.271918545018714, 27.745675363196568 ], [ 30.271410293846863, 27.746020947526269 ], [ 30.270862466603241, 27.746617643271382 ], [ 30.270509217816535, 27.747425621857715 ], [ 30.270201468593545, 27.748412305886323 ], [ 30.270134159333921, 27.749107391319647 ], [ 30.270463786241265, 27.749914037681972 ], [ 30.270864808906339, 27.750529467873349 ], [ 30.271353134944306, 27.750983630014737 ], [ 30.272205116244379, 27.751548690072227 ], [ 30.273197668387301, 27.751820171809179 ], [ 30.273863925204452, 27.751818498244479 ] ] ] ] } },
{ "type": "Feature", "properties": { "id": 76, "No": 76, "Name": "C33", "Area": 100, "Lat": 27.744981, "Long": 30.297893, "Crop_24": "Wheat", "Water_Capacity_24": 3475.6, "Planting_date_24": "07-Dec-2023", "Havest_date_24": "23-May-2024", "Crop_25": "Beet", "Water_Capacity_25": 5575.8, "Planting_date_25": "09-Nov-2024", "Havest_date_25": "19-Jul-2025" }, "geometry": { "type": "MultiPolygon", "coordinates": [ [ [ [ 30.297729235951667, 27.748228876494103 ], [ 30.298078233140899, 27.748196975139358 ], [ 30.299018372228794, 27.748021729507407 ], [ 30.30000965560394, 27.747537683418766 ], [ 30.300630184926039, 27.747085113821576 ], [ 30.301238504113439, 27.746245061278724 ], [ 30.301460049083516, 27.745203834483451 ], [ 30.301483913353504, 27.744236196398667 ], [ 30.301156408770154, 27.743397233189832 ], [ 30.300548526199684, 27.742455984149043 ], [ 30.299884258403537, 27.742036407482708 ], [ 30.298893248883122, 27.741629806016107 ], [ 30.297716768583367, 27.741684261656378 ], [ 30.296582834359242, 27.741778263318526 ], [ 30.295858347499433, 27.74203516178391 ], [ 30.295258147254238, 27.742546194457645 ], [ 30.294672994533101, 27.743328586980205 ], [ 30.29416191856021, 27.744635200936539 ], [ 30.294098314045446, 27.745447160351898 ], [ 30.294213989583003, 27.746049647086203 ], [ 30.294527828695728, 27.74655920253365 ], [ 30.294992501216303, 27.747129795335937 ], [ 30.295740916810534, 27.747667214451415 ], [ 30.296602884791799, 27.748013230582171 ], [ 30.29714239469379, 27.74819804001072 ], [ 30.297729235951667, 27.748228876494103 ] ] ] ] } },
{ "type": "Feature", "properties": { "id": 77, "No": 77, "Name": "C36", "Area": 100, "Lat": 27.741725, "Long": 30.275354, "Crop_24": "Beet", "Water_Capacity_24": 5555.6, "Planting_date_24": "12-Nov-2023", "Havest_date_24": "03-Jul-2024", "Crop_25": "Beet", "Water_Capacity_25": 5790.0, "Planting_date_25": "10-Nov-2024", "Havest_date_25": "20-Jul-2025" }, "geometry": { "type": "MultiPolygon", "coordinates": [ [ [ [ 30.275001724925048, 27.74501392459398 ], [ 30.275765919656028, 27.744912816711199 ], [ 30.276661585784232, 27.744775571101048 ], [ 30.277410286575204, 27.744422444491292 ], [ 30.278031844319262, 27.743931276895903 ], [ 30.278568797945532, 27.743341631209191 ], [ 30.27898197582973, 27.742478480437086 ], [ 30.279091596050105, 27.741570629736625 ], [ 30.278902958948223, 27.740405203822892 ], [ 30.278251308852905, 27.739482367259725 ], [ 30.277528160342527, 27.738809824480825 ], [ 30.276472025843717, 27.738401784991311 ], [ 30.275516942716653, 27.738305518955524 ], [ 30.274362736761244, 27.738340853673861 ], [ 30.273815125814558, 27.738484950926999 ], [ 30.273021028259748, 27.738914611616618 ], [ 30.27237628327277, 27.739463385190831 ], [ 30.27199446715095, 27.739939896824009 ], [ 30.271650359073185, 27.740649493208821 ], [ 30.271547916812111, 27.741267049409569 ], [ 30.271507830463296, 27.742002007084022 ], [ 30.271828343116969, 27.743111956303338 ], [ 30.272184121166674, 27.743680470126733 ], [ 30.272825081754224, 27.744157800856307 ], [ 30.27353226673586, 27.744597711474221 ], [ 30.274439559868213, 27.744867308132072 ], [ 30.275001724925048, 27.74501392459398 ] ] ] ] } },
{ "type": "Feature", "properties": { "id": 78, "No": 78, "Name": "C38", "Area": 100, "Lat": 27.739556, "Long": 30.260355, "Crop_24": "Beet", "Water_Capacity_24": 5555.6, "Planting_date_24": "06-Oct-2023", "Havest_date_24": "21-May-2024", "Crop_25": "Beet", "Water_Capacity_25": 5690.7, "Planting_date_25": "12-Nov-2024", "Havest_date_25": "14-Jul-2025" }, "geometry": { "type": "MultiPolygon", "coordinates": [ [ [ [ 30.259048896814569, 27.742516576552248 ], [ 30.259636662397927, 27.742654176547454 ], [ 30.260568816702214, 27.742672652579905 ], [ 30.261303077583893, 27.742613115358196 ], [ 30.261991847935246, 27.742374865678467 ], [ 30.262702077133849, 27.741944412474876 ], [ 30.263231793282557, 27.741406660596091 ], [ 30.263627970727295, 27.740881080429165 ], [ 30.263792590985958, 27.7402916466622 ], [ 30.263967206010996, 27.739302343042226 ], [ 30.263753428034175, 27.738527611927726 ], [ 30.263519675135424, 27.737885840971316 ], [ 30.263044759791672, 27.737231887002903 ], [ 30.262277270807353, 27.736623998925062 ], [ 30.261218308779313, 27.736351131115558 ], [ 30.260172660918219, 27.736211874876062 ], [ 30.259270513624344, 27.73632734940627 ], [ 30.258734176251213, 27.736464888883404 ], [ 30.257975149780389, 27.736849903323655 ], [ 30.257514239359505, 27.737300096398009 ], [ 30.257119533259477, 27.737766418488611 ], [ 30.25682023868055, 27.7384124396057 ], [ 30.256670745419655, 27.739061432572331 ], [ 30.256688072438827, 27.739698918484095 ], [ 30.256708740531, 27.740203115353701 ], [ 30.256876246185971, 27.740828764065551 ], [ 30.257407353823019, 27.741565347693619 ], [ 30.257849357677795, 27.74187046149147 ], [ 30.258454850878451, 27.742297354611651 ], [ 30.259048896814569, 27.742516576552248 ] ] ] ] } }
]
}
